ma_fast,ma_mid,ma_slow,rsi_short,rsi_cover,vol_min_pct,max_hold_bars,entry_signals,exit_signals,entries,trades,wins,win_rate,entry_fill_rate,exit_fill_rate,maker_fills,taker_fills,limit_expired,missed_entries,missed_exits,capacity_reject_entries,capacity_reject_exits,return_pct,max_dd_pct,score,equity_multiple
7,20,52,66,42,0.8,24,4,1,1,1,1,100.0,25.0,100.0,1,1,3,3,0,5,0,7.69,3.79,-8.1,1.0768996118430796
7,20,52,66,42,0.8,48,4,1,1,1,1,100.0,25.0,100.0,1,1,3,3,0,5,0,7.69,3.79,-8.1,1.0768996118430796
7,20,52,66,42,0.8,96,4,1,1,1,1,100.0,25.0,100.0,1,1,3,3,0,5,0,7.69,3.79,-8.1,1.0768996118430796
7,20,52,66,42,1.2,24,4,1,1,1,1,100.0,25.0,100.0,1,1,3,3,0,5,0,7.69,3.79,-8.1,1.0768996118430796
7,20,52,66,42,1.2,48,4,1,1,1,1,100.0,25.0,100.0,1,1,3,3,0,5,0,7.69,3.79,-8.1,1.0768996118430796
7,20,52,66,42,1.2,96,4,1,1,1,1,100.0,25.0,100.0,1,1,3,3,0,5,0,7.69,3.79,-8.1,1.0768996118430796
7,20,52,66,46,0.8,24,4,1,1,1,1,100.0,25.0,100.0,1,1,3,3,0,5,0,7.69,3.79,-8.1,1.0768996118430796
7,20,52,66,46,0.8,48,4,1,1,1,1,100.0,25.0,100.0,1,1,3,3,0,5,0,7.69,3.79,-8.1,1.0768996118430796
7,20,52,66,46,0.8,96,4,1,1,1,1,100.0,25.0,100.0,1,1,3,3,0,5,0,7.69,3.79,-8.1,1.0768996118430796
7,20,52,66,46,1.2,24,4,1,1,1,1,100.0,25.0,100.0,1,1,3,3,0,5,0,7.69,3.79,-8.1,1.0768996118430796
7,20,52,66,46,1.2,48,4,1,1,1,1,100.0,25.0,100.0,1,1,3,3,0,5,0,7.69,3.79,-8.1,1.0768996118430796
7,20,52,66,46,1.2,96,4,1,1,1,1,100.0,25.0,100.0,1,1,3,3,0,5,0,7.69,3.79,-8.1,1.0768996118430796
7,20,60,66,42,0.8,24,4,1,1,1,1,100.0,25.0,100.0,1,1,3,3,0,4,0,7.69,3.79,-8.1,1.0768996118430796
7,20,60,66,42,0.8,48,4,1,1,1,1,100.0,25.0,100.0,1,1,3,3,0,4,0,7.69,3.79,-8.1,1.0768996118430796
7,20,60,66,42,0.8,96,4,1,1,1,1,100.0,25.0,100.0,1,1,3,3,0,4,0,7.69,3.79,-8.1,1.0768996118430796
7,20,60,66,42,1.2,24,4,1,1,1,1,100.0,25.0,100.0,1,1,3,3,0,4,0,7.69,3.79,-8.1,1.0768996118430796
7,20,60,66,42,1.2,48,4,1,1,1,1,100.0,25.0,100.0,1,1,3,3,0,4,0,7.69,3.79,-8.1,1.0768996118430796
7,20,60,66,42,1.2,96,4,1,1,1,1,100.0,25.0,100.0,1,1,3,3,0,4,0,7.69,3.79,-8.1,1.0768996118430796
7,20,60,66,46,0.8,24,4,1,1,1,1,100.0,25.0,100.0,1,1,3,3,0,4,0,7.69,3.79,-8.1,1.0768996118430796
7,20,60,66,46,0.8,48,4,1,1,1,1,100.0,25.0,100.0,1,1,3,3,0,4,0,7.69,3.79,-8.1,1.0768996118430796
7,20,60,66,46,0.8,96,4,1,1,1,1,100.0,25.0,100.0,1,1,3,3,0,4,0,7.69,3.79,-8.1,1.0768996118430796
7,20,60,66,46,1.2,24,4,1,1,1,1,100.0,25.0,100.0,1,1,3,3,0,4,0,7.69,3.79,-8.1,1.0768996118430796
7,20,60,66,46,1.2,48,4,1,1,1,1,100.0,25.0,100.0,1,1,3,3,0,4,0,7.69,3.79,-8.1,1.0768996118430796
7,20,60,66,46,1.2,96,4,1,1,1,1,100.0,25.0,100.0,1,1,3,3,0,4,0,7.69,3.79,-8.1,1.0768996118430796
10,20,52,66,42,0.8,24,4,1,1,1,1,100.0,25.0,100.0,1,1,3,3,0,3,0,7.69,3.79,-8.1,1.0768996118430796
10,20,52,66,42,0.8,48,4,1,1,1,1,100.0,25.0,100.0,1,1,3,3,0,3,0,7.69,3.79,-8.1,1.0768996118430796
10,20,52,66,42,0.8,96,4,1,1,1,1,100.0,25.0,100.0,1,1,3,3,0,3,0,7.69,3.79,-8.1,1.0768996118430796
10,20,52,66,42,1.2,24,4,1,1,1,1,100.0,25.0,100.0,1,1,3,3,0,3,0,7.69,3.79,-8.1,1.0768996118430796
10,20,52,66,42,1.2,48,4,1,1,1,1,100.0,25.0,100.0,1,1,3,3,0,3,0,7.69,3.79,-8.1,1.0768996118430796
10,20,52,66,42,1.2,96,4,1,1,1,1,100.0,25.0,100.0,1,1,3,3,0,3,0,7.69,3.79,-8.1,1.0768996118430796
10,20,52,66,46,0.8,24,4,1,1,1,1,100.0,25.0,100.0,1,1,3,3,0,3,0,7.69,3.79,-8.1,1.0768996118430796
10,20,52,66,46,0.8,48,4,1,1,1,1,100.0,25.0,100.0,1,1,3,3,0,3,0,7.69,3.79,-8.1,1.0768996118430796
10,20,52,66,46,0.8,96,4,1,1,1,1,100.0,25.0,100.0,1,1,3,3,0,3,0,7.69,3.79,-8.1,1.0768996118430796
10,20,52,66,46,1.2,24,4,1,1,1,1,100.0,25.0,100.0,1,1,3,3,0,3,0,7.69,3.79,-8.1,1.0768996118430796
10,20,52,66,46,1.2,48,4,1,1,1,1,100.0,25.0,100.0,1,1,3,3,0,3,0,7.69,3.79,-8.1,1.0768996118430796
10,20,52,66,46,1.2,96,4,1,1,1,1,100.0,25.0,100.0,1,1,3,3,0,3,0,7.69,3.79,-8.1,1.0768996118430796
10,20,60,66,42,0.8,24,4,1,1,1,1,100.0,25.0,100.0,1,1,3,3,0,4,0,7.69,3.79,-8.1,1.0768996118430796
10,20,60,66,42,0.8,48,4,1,1,1,1,100.0,25.0,100.0,1,1,3,3,0,4,0,7.69,3.79,-8.1,1.0768996118430796
10,20,60,66,42,0.8,96,4,1,1,1,1,100.0,25.0,100.0,1,1,3,3,0,4,0,7.69,3.79,-8.1,1.0768996118430796
10,20,60,66,42,1.2,24,4,1,1,1,1,100.0,25.0,100.0,1,1,3,3,0,4,0,7.69,3.79,-8.1,1.0768996118430796
10,20,60,66,42,1.2,48,4,1,1,1,1,100.0,25.0,100.0,1,1,3,3,0,4,0,7.69,3.79,-8.1,1.0768996118430796
10,20,60,66,42,1.2,96,4,1,1,1,1,100.0,25.0,100.0,1,1,3,3,0,4,0,7.69,3.79,-8.1,1.0768996118430796
10,20,60,66,46,0.8,24,4,1,1,1,1,100.0,25.0,100.0,1,1,3,3,0,4,0,7.69,3.79,-8.1,1.0768996118430796
10,20,60,66,46,0.8,48,4,1,1,1,1,100.0,25.0,100.0,1,1,3,3,0,4,0,7.69,3.79,-8.1,1.0768996118430796
10,20,60,66,46,0.8,96,4,1,1,1,1,100.0,25.0,100.0,1,1,3,3,0,4,0,7.69,3.79,-8.1,1.0768996118430796
10,20,60,66,46,1.2,24,4,1,1,1,1,100.0,25.0,100.0,1,1,3,3,0,4,0,7.69,3.79,-8.1,1.0768996118430796
10,20,60,66,46,1.2,48,4,1,1,1,1,100.0,25.0,100.0,1,1,3,3,0,4,0,7.69,3.79,-8.1,1.0768996118430796
10,20,60,66,46,1.2,96,4,1,1,1,1,100.0,25.0,100.0,1,1,3,3,0,4,0,7.69,3.79,-8.1,1.0768996118430796
7,20,60,66,42,0.4,24,7,1,1,1,1,100.0,14.29,100.0,1,1,6,6,0,9,0,7.69,3.79,-9.71,1.0768996118430796
7,20,60,66,42,0.4,48,7,1,1,1,1,100.0,14.29,100.0,1,1,6,6,0,9,0,7.69,3.79,-9.71,1.0768996118430796
7,20,60,66,42,0.4,96,7,1,1,1,1,100.0,14.29,100.0,1,1,6,6,0,9,0,7.69,3.79,-9.71,1.0768996118430796
7,20,60,66,46,0.4,24,7,1,1,1,1,100.0,14.29,100.0,1,1,6,6,0,9,0,7.69,3.79,-9.71,1.0768996118430796
7,20,60,66,46,0.4,48,7,1,1,1,1,100.0,14.29,100.0,1,1,6,6,0,9,0,7.69,3.79,-9.71,1.0768996118430796
7,20,60,66,46,0.4,96,7,1,1,1,1,100.0,14.29,100.0,1,1,6,6,0,9,0,7.69,3.79,-9.71,1.0768996118430796
10,20,60,66,42,0.4,24,7,1,1,1,1,100.0,14.29,100.0,1,1,6,6,0,10,0,7.69,3.79,-9.71,1.0768996118430796
10,20,60,66,42,0.4,48,7,1,1,1,1,100.0,14.29,100.0,1,1,6,6,0,10,0,7.69,3.79,-9.71,1.0768996118430796
10,20,60,66,42,0.4,96,7,1,1,1,1,100.0,14.29,100.0,1,1,6,6,0,10,0,7.69,3.79,-9.71,1.0768996118430796
10,20,60,66,46,0.4,24,7,1,1,1,1,100.0,14.29,100.0,1,1,6,6,0,10,0,7.69,3.79,-9.71,1.0768996118430796
10,20,60,66,46,0.4,48,7,1,1,1,1,100.0,14.29,100.0,1,1,6,6,0,10,0,7.69,3.79,-9.71,1.0768996118430796
10,20,60,66,46,0.4,96,7,1,1,1,1,100.0,14.29,100.0,1,1,6,6,0,10,0,7.69,3.79,-9.71,1.0768996118430796
7,20,52,66,42,0.4,24,9,1,1,1,1,100.0,11.11,100.0,1,1,8,8,0,13,0,7.69,3.79,-10.19,1.0768996118430796
7,20,52,66,42,0.4,48,9,1,1,1,1,100.0,11.11,100.0,1,1,8,8,0,13,0,7.69,3.79,-10.19,1.0768996118430796
7,20,52,66,42,0.4,96,9,1,1,1,1,100.0,11.11,100.0,1,1,8,8,0,13,0,7.69,3.79,-10.19,1.0768996118430796
7,20,52,66,46,0.4,24,9,1,1,1,1,100.0,11.11,100.0,1,1,8,8,0,13,0,7.69,3.79,-10.19,1.0768996118430796
7,20,52,66,46,0.4,48,9,1,1,1,1,100.0,11.11,100.0,1,1,8,8,0,13,0,7.69,3.79,-10.19,1.0768996118430796
7,20,52,66,46,0.4,96,9,1,1,1,1,100.0,11.11,100.0,1,1,8,8,0,13,0,7.69,3.79,-10.19,1.0768996118430796
10,20,52,66,42,0.4,24,9,1,1,1,1,100.0,11.11,100.0,1,1,8,8,0,12,0,7.69,3.79,-10.19,1.0768996118430796
10,20,52,66,42,0.4,48,9,1,1,1,1,100.0,11.11,100.0,1,1,8,8,0,12,0,7.69,3.79,-10.19,1.0768996118430796
10,20,52,66,42,0.4,96,9,1,1,1,1,100.0,11.11,100.0,1,1,8,8,0,12,0,7.69,3.79,-10.19,1.0768996118430796
10,20,52,66,46,0.4,24,9,1,1,1,1,100.0,11.11,100.0,1,1,8,8,0,12,0,7.69,3.79,-10.19,1.0768996118430796
10,20,52,66,46,0.4,48,9,1,1,1,1,100.0,11.11,100.0,1,1,8,8,0,12,0,7.69,3.79,-10.19,1.0768996118430796
10,20,52,66,46,0.4,96,9,1,1,1,1,100.0,11.11,100.0,1,1,8,8,0,12,0,7.69,3.79,-10.19,1.0768996118430796
7,20,52,66,38,0.8,24,4,0,1,1,1,100.0,25.0,0.0,1,1,3,3,0,5,0,9.84,3.79,-10.95,1.098378811405703
7,20,52,66,38,0.8,48,4,0,1,1,1,100.0,25.0,0.0,1,1,3,3,0,5,0,9.84,3.79,-10.95,1.098378811405703
7,20,52,66,38,0.8,96,4,0,1,1,1,100.0,25.0,0.0,1,1,3,3,0,5,0,9.84,3.79,-10.95,1.098378811405703
7,20,52,66,38,1.2,24,4,0,1,1,1,100.0,25.0,0.0,1,1,3,3,0,5,0,9.84,3.79,-10.95,1.098378811405703
7,20,52,66,38,1.2,48,4,0,1,1,1,100.0,25.0,0.0,1,1,3,3,0,5,0,9.84,3.79,-10.95,1.098378811405703
7,20,52,66,38,1.2,96,4,0,1,1,1,100.0,25.0,0.0,1,1,3,3,0,5,0,9.84,3.79,-10.95,1.098378811405703
7,20,60,66,38,0.8,24,4,0,1,1,1,100.0,25.0,0.0,1,1,3,3,0,4,0,9.84,3.79,-10.95,1.098378811405703
7,20,60,66,38,0.8,48,4,0,1,1,1,100.0,25.0,0.0,1,1,3,3,0,4,0,9.84,3.79,-10.95,1.098378811405703
7,20,60,66,38,0.8,96,4,0,1,1,1,100.0,25.0,0.0,1,1,3,3,0,4,0,9.84,3.79,-10.95,1.098378811405703
7,20,60,66,38,1.2,24,4,0,1,1,1,100.0,25.0,0.0,1,1,3,3,0,4,0,9.84,3.79,-10.95,1.098378811405703
7,20,60,66,38,1.2,48,4,0,1,1,1,100.0,25.0,0.0,1,1,3,3,0,4,0,9.84,3.79,-10.95,1.098378811405703
7,20,60,66,38,1.2,96,4,0,1,1,1,100.0,25.0,0.0,1,1,3,3,0,4,0,9.84,3.79,-10.95,1.098378811405703
10,20,52,66,38,0.8,24,4,0,1,1,1,100.0,25.0,0.0,1,1,3,3,0,3,0,9.84,3.79,-10.95,1.098378811405703
10,20,52,66,38,0.8,48,4,0,1,1,1,100.0,25.0,0.0,1,1,3,3,0,3,0,9.84,3.79,-10.95,1.098378811405703
10,20,52,66,38,0.8,96,4,0,1,1,1,100.0,25.0,0.0,1,1,3,3,0,3,0,9.84,3.79,-10.95,1.098378811405703
10,20,52,66,38,1.2,24,4,0,1,1,1,100.0,25.0,0.0,1,1,3,3,0,3,0,9.84,3.79,-10.95,1.098378811405703
10,20,52,66,38,1.2,48,4,0,1,1,1,100.0,25.0,0.0,1,1,3,3,0,3,0,9.84,3.79,-10.95,1.098378811405703
10,20,52,66,38,1.2,96,4,0,1,1,1,100.0,25.0,0.0,1,1,3,3,0,3,0,9.84,3.79,-10.95,1.098378811405703
10,20,60,66,38,0.8,24,4,0,1,1,1,100.0,25.0,0.0,1,1,3,3,0,4,0,9.84,3.79,-10.95,1.098378811405703
10,20,60,66,38,0.8,48,4,0,1,1,1,100.0,25.0,0.0,1,1,3,3,0,4,0,9.84,3.79,-10.95,1.098378811405703
10,20,60,66,38,0.8,96,4,0,1,1,1,100.0,25.0,0.0,1,1,3,3,0,4,0,9.84,3.79,-10.95,1.098378811405703
10,20,60,66,38,1.2,24,4,0,1,1,1,100.0,25.0,0.0,1,1,3,3,0,4,0,9.84,3.79,-10.95,1.098378811405703
10,20,60,66,38,1.2,48,4,0,1,1,1,100.0,25.0,0.0,1,1,3,3,0,4,0,9.84,3.79,-10.95,1.098378811405703
10,20,60,66,38,1.2,96,4,0,1,1,1,100.0,25.0,0.0,1,1,3,3,0,4,0,9.84,3.79,-10.95,1.098378811405703
7,20,60,66,38,0.4,24,7,0,1,1,1,100.0,14.29,0.0,1,1,6,6,0,9,0,9.84,3.79,-12.56,1.098378811405703
7,20,60,66,38,0.4,48,7,0,1,1,1,100.0,14.29,0.0,1,1,6,6,0,9,0,9.84,3.79,-12.56,1.098378811405703
7,20,60,66,38,0.4,96,7,0,1,1,1,100.0,14.29,0.0,1,1,6,6,0,9,0,9.84,3.79,-12.56,1.098378811405703
10,20,60,66,38,0.4,24,7,0,1,1,1,100.0,14.29,0.0,1,1,6,6,0,10,0,9.84,3.79,-12.56,1.098378811405703
10,20,60,66,38,0.4,48,7,0,1,1,1,100.0,14.29,0.0,1,1,6,6,0,10,0,9.84,3.79,-12.56,1.098378811405703
10,20,60,66,38,0.4,96,7,0,1,1,1,100.0,14.29,0.0,1,1,6,6,0,10,0,9.84,3.79,-12.56,1.098378811405703
7,20,52,66,38,0.4,24,9,0,1,1,1,100.0,11.11,0.0,1,1,8,8,0,13,0,9.84,3.79,-13.04,1.098378811405703
7,20,52,66,38,0.4,48,9,0,1,1,1,100.0,11.11,0.0,1,1,8,8,0,13,0,9.84,3.79,-13.04,1.098378811405703
7,20,52,66,38,0.4,96,9,0,1,1,1,100.0,11.11,0.0,1,1,8,8,0,13,0,9.84,3.79,-13.04,1.098378811405703
10,20,52,66,38,0.4,24,9,0,1,1,1,100.0,11.11,0.0,1,1,8,8,0,12,0,9.84,3.79,-13.04,1.098378811405703
10,20,52,66,38,0.4,48,9,0,1,1,1,100.0,11.11,0.0,1,1,8,8,0,12,0,9.84,3.79,-13.04,1.098378811405703
10,20,52,66,38,0.4,96,9,0,1,1,1,100.0,11.11,0.0,1,1,8,8,0,12,0,9.84,3.79,-13.04,1.098378811405703
7,30,52,58,38,0.4,24,48,0,0,0,0,0.0,0.0,0.0,0,0,48,48,0,75,0,0.0,0.0,-20.0,1.0
7,30,52,58,38,0.4,48,48,0,0,0,0,0.0,0.0,0.0,0,0,48,48,0,75,0,0.0,0.0,-20.0,1.0
7,30,52,58,38,0.4,96,48,0,0,0,0,0.0,0.0,0.0,0,0,48,48,0,75,0,0.0,0.0,-20.0,1.0
7,30,52,58,38,0.8,24,25,0,0,0,0,0.0,0.0,0.0,0,0,25,25,0,38,0,0.0,0.0,-20.0,1.0
7,30,52,58,38,0.8,48,25,0,0,0,0,0.0,0.0,0.0,0,0,25,25,0,38,0,0.0,0.0,-20.0,1.0
7,30,52,58,38,0.8,96,25,0,0,0,0,0.0,0.0,0.0,0,0,25,25,0,38,0,0.0,0.0,-20.0,1.0
7,30,52,58,38,1.2,24,11,0,0,0,0,0.0,0.0,0.0,0,0,11,11,0,18,0,0.0,0.0,-20.0,1.0
7,30,52,58,38,1.2,48,11,0,0,0,0,0.0,0.0,0.0,0,0,11,11,0,18,0,0.0,0.0,-20.0,1.0
7,30,52,58,38,1.2,96,11,0,0,0,0,0.0,0.0,0.0,0,0,11,11,0,18,0,0.0,0.0,-20.0,1.0
7,30,52,58,42,0.4,24,48,0,0,0,0,0.0,0.0,0.0,0,0,48,48,0,75,0,0.0,0.0,-20.0,1.0
7,30,52,58,42,0.4,48,48,0,0,0,0,0.0,0.0,0.0,0,0,48,48,0,75,0,0.0,0.0,-20.0,1.0
7,30,52,58,42,0.4,96,48,0,0,0,0,0.0,0.0,0.0,0,0,48,48,0,75,0,0.0,0.0,-20.0,1.0
7,30,52,58,42,0.8,24,25,0,0,0,0,0.0,0.0,0.0,0,0,25,25,0,38,0,0.0,0.0,-20.0,1.0
7,30,52,58,42,0.8,48,25,0,0,0,0,0.0,0.0,0.0,0,0,25,25,0,38,0,0.0,0.0,-20.0,1.0
7,30,52,58,42,0.8,96,25,0,0,0,0,0.0,0.0,0.0,0,0,25,25,0,38,0,0.0,0.0,-20.0,1.0
7,30,52,58,42,1.2,24,11,0,0,0,0,0.0,0.0,0.0,0,0,11,11,0,18,0,0.0,0.0,-20.0,1.0
7,30,52,58,42,1.2,48,11,0,0,0,0,0.0,0.0,0.0,0,0,11,11,0,18,0,0.0,0.0,-20.0,1.0
7,30,52,58,42,1.2,96,11,0,0,0,0,0.0,0.0,0.0,0,0,11,11,0,18,0,0.0,0.0,-20.0,1.0
7,30,52,58,46,0.4,24,48,0,0,0,0,0.0,0.0,0.0,0,0,48,48,0,75,0,0.0,0.0,-20.0,1.0
7,30,52,58,46,0.4,48,48,0,0,0,0,0.0,0.0,0.0,0,0,48,48,0,75,0,0.0,0.0,-20.0,1.0
7,30,52,58,46,0.4,96,48,0,0,0,0,0.0,0.0,0.0,0,0,48,48,0,75,0,0.0,0.0,-20.0,1.0
7,30,52,58,46,0.8,24,25,0,0,0,0,0.0,0.0,0.0,0,0,25,25,0,38,0,0.0,0.0,-20.0,1.0
7,30,52,58,46,0.8,48,25,0,0,0,0,0.0,0.0,0.0,0,0,25,25,0,38,0,0.0,0.0,-20.0,1.0
7,30,52,58,46,0.8,96,25,0,0,0,0,0.0,0.0,0.0,0,0,25,25,0,38,0,0.0,0.0,-20.0,1.0
7,30,52,58,46,1.2,24,11,0,0,0,0,0.0,0.0,0.0,0,0,11,11,0,18,0,0.0,0.0,-20.0,1.0
7,30,52,58,46,1.2,48,11,0,0,0,0,0.0,0.0,0.0,0,0,11,11,0,18,0,0.0,0.0,-20.0,1.0
7,30,52,58,46,1.2,96,11,0,0,0,0,0.0,0.0,0.0,0,0,11,11,0,18,0,0.0,0.0,-20.0,1.0
7,30,52,62,38,0.4,24,30,0,0,0,0,0.0,0.0,0.0,0,0,30,30,0,43,0,0.0,0.0,-20.0,1.0
7,30,52,62,38,0.4,48,30,0,0,0,0,0.0,0.0,0.0,0,0,30,30,0,43,0,0.0,0.0,-20.0,1.0
7,30,52,62,38,0.4,96,30,0,0,0,0,0.0,0.0,0.0,0,0,30,30,0,43,0,0.0,0.0,-20.0,1.0
7,30,52,62,38,0.8,24,15,0,0,0,0,0.0,0.0,0.0,0,0,15,15,0,25,0,0.0,0.0,-20.0,1.0
7,30,52,62,38,0.8,48,15,0,0,0,0,0.0,0.0,0.0,0,0,15,15,0,25,0,0.0,0.0,-20.0,1.0
7,30,52,62,38,0.8,96,15,0,0,0,0,0.0,0.0,0.0,0,0,15,15,0,25,0,0.0,0.0,-20.0,1.0
7,30,52,62,38,1.2,24,6,0,0,0,0,0.0,0.0,0.0,0,0,6,6,0,11,0,0.0,0.0,-20.0,1.0
7,30,52,62,38,1.2,48,6,0,0,0,0,0.0,0.0,0.0,0,0,6,6,0,11,0,0.0,0.0,-20.0,1.0
7,30,52,62,38,1.2,96,6,0,0,0,0,0.0,0.0,0.0,0,0,6,6,0,11,0,0.0,0.0,-20.0,1.0
7,30,52,62,42,0.4,24,30,0,0,0,0,0.0,0.0,0.0,0,0,30,30,0,43,0,0.0,0.0,-20.0,1.0
7,30,52,62,42,0.4,48,30,0,0,0,0,0.0,0.0,0.0,0,0,30,30,0,43,0,0.0,0.0,-20.0,1.0
7,30,52,62,42,0.4,96,30,0,0,0,0,0.0,0.0,0.0,0,0,30,30,0,43,0,0.0,0.0,-20.0,1.0
7,30,52,62,42,0.8,24,15,0,0,0,0,0.0,0.0,0.0,0,0,15,15,0,25,0,0.0,0.0,-20.0,1.0
7,30,52,62,42,0.8,48,15,0,0,0,0,0.0,0.0,0.0,0,0,15,15,0,25,0,0.0,0.0,-20.0,1.0
7,30,52,62,42,0.8,96,15,0,0,0,0,0.0,0.0,0.0,0,0,15,15,0,25,0,0.0,0.0,-20.0,1.0
7,30,52,62,42,1.2,24,6,0,0,0,0,0.0,0.0,0.0,0,0,6,6,0,11,0,0.0,0.0,-20.0,1.0
7,30,52,62,42,1.2,48,6,0,0,0,0,0.0,0.0,0.0,0,0,6,6,0,11,0,0.0,0.0,-20.0,1.0
7,30,52,62,42,1.2,96,6,0,0,0,0,0.0,0.0,0.0,0,0,6,6,0,11,0,0.0,0.0,-20.0,1.0
7,30,52,62,46,0.4,24,30,0,0,0,0,0.0,0.0,0.0,0,0,30,30,0,43,0,0.0,0.0,-20.0,1.0
7,30,52,62,46,0.4,48,30,0,0,0,0,0.0,0.0,0.0,0,0,30,30,0,43,0,0.0,0.0,-20.0,1.0
7,30,52,62,46,0.4,96,30,0,0,0,0,0.0,0.0,0.0,0,0,30,30,0,43,0,0.0,0.0,-20.0,1.0
7,30,52,62,46,0.8,24,15,0,0,0,0,0.0,0.0,0.0,0,0,15,15,0,25,0,0.0,0.0,-20.0,1.0
7,30,52,62,46,0.8,48,15,0,0,0,0,0.0,0.0,0.0,0,0,15,15,0,25,0,0.0,0.0,-20.0,1.0
7,30,52,62,46,0.8,96,15,0,0,0,0,0.0,0.0,0.0,0,0,15,15,0,25,0,0.0,0.0,-20.0,1.0
7,30,52,62,46,1.2,24,6,0,0,0,0,0.0,0.0,0.0,0,0,6,6,0,11,0,0.0,0.0,-20.0,1.0
7,30,52,62,46,1.2,48,6,0,0,0,0,0.0,0.0,0.0,0,0,6,6,0,11,0,0.0,0.0,-20.0,1.0
7,30,52,62,46,1.2,96,6,0,0,0,0,0.0,0.0,0.0,0,0,6,6,0,11,0,0.0,0.0,-20.0,1.0
7,30,52,66,38,0.4,24,10,0,0,0,0,0.0,0.0,0.0,0,0,10,10,0,16,0,0.0,0.0,-20.0,1.0
7,30,52,66,38,0.4,48,10,0,0,0,0,0.0,0.0,0.0,0,0,10,10,0,16,0,0.0,0.0,-20.0,1.0
7,30,52,66,38,0.4,96,10,0,0,0,0,0.0,0.0,0.0,0,0,10,10,0,16,0,0.0,0.0,-20.0,1.0
7,30,52,66,38,0.8,24,3,0,0,0,0,0.0,0.0,0.0,0,0,3,3,0,4,0,0.0,0.0,-20.0,1.0
7,30,52,66,38,0.8,48,3,0,0,0,0,0.0,0.0,0.0,0,0,3,3,0,4,0,0.0,0.0,-20.0,1.0
7,30,52,66,38,0.8,96,3,0,0,0,0,0.0,0.0,0.0,0,0,3,3,0,4,0,0.0,0.0,-20.0,1.0
7,30,52,66,38,1.2,24,3,0,0,0,0,0.0,0.0,0.0,0,0,3,3,0,4,0,0.0,0.0,-20.0,1.0
7,30,52,66,38,1.2,48,3,0,0,0,0,0.0,0.0,0.0,0,0,3,3,0,4,0,0.0,0.0,-20.0,1.0
7,30,52,66,38,1.2,96,3,0,0,0,0,0.0,0.0,0.0,0,0,3,3,0,4,0,0.0,0.0,-20.0,1.0
7,30,52,66,42,0.4,24,10,0,0,0,0,0.0,0.0,0.0,0,0,10,10,0,16,0,0.0,0.0,-20.0,1.0
7,30,52,66,42,0.4,48,10,0,0,0,0,0.0,0.0,0.0,0,0,10,10,0,16,0,0.0,0.0,-20.0,1.0
7,30,52,66,42,0.4,96,10,0,0,0,0,0.0,0.0,0.0,0,0,10,10,0,16,0,0.0,0.0,-20.0,1.0
7,30,52,66,42,0.8,24,3,0,0,0,0,0.0,0.0,0.0,0,0,3,3,0,4,0,0.0,0.0,-20.0,1.0
7,30,52,66,42,0.8,48,3,0,0,0,0,0.0,0.0,0.0,0,0,3,3,0,4,0,0.0,0.0,-20.0,1.0
7,30,52,66,42,0.8,96,3,0,0,0,0,0.0,0.0,0.0,0,0,3,3,0,4,0,0.0,0.0,-20.0,1.0
7,30,52,66,42,1.2,24,3,0,0,0,0,0.0,0.0,0.0,0,0,3,3,0,4,0,0.0,0.0,-20.0,1.0
7,30,52,66,42,1.2,48,3,0,0,0,0,0.0,0.0,0.0,0,0,3,3,0,4,0,0.0,0.0,-20.0,1.0
7,30,52,66,42,1.2,96,3,0,0,0,0,0.0,0.0,0.0,0,0,3,3,0,4,0,0.0,0.0,-20.0,1.0
7,30,52,66,46,0.4,24,10,0,0,0,0,0.0,0.0,0.0,0,0,10,10,0,16,0,0.0,0.0,-20.0,1.0
7,30,52,66,46,0.4,48,10,0,0,0,0,0.0,0.0,0.0,0,0,10,10,0,16,0,0.0,0.0,-20.0,1.0
7,30,52,66,46,0.4,96,10,0,0,0,0,0.0,0.0,0.0,0,0,10,10,0,16,0,0.0,0.0,-20.0,1.0
7,30,52,66,46,0.8,24,3,0,0,0,0,0.0,0.0,0.0,0,0,3,3,0,4,0,0.0,0.0,-20.0,1.0
7,30,52,66,46,0.8,48,3,0,0,0,0,0.0,0.0,0.0,0,0,3,3,0,4,0,0.0,0.0,-20.0,1.0
7,30,52,66,46,0.8,96,3,0,0,0,0,0.0,0.0,0.0,0,0,3,3,0,4,0,0.0,0.0,-20.0,1.0
7,30,52,66,46,1.2,24,3,0,0,0,0,0.0,0.0,0.0,0,0,3,3,0,4,0,0.0,0.0,-20.0,1.0
7,30,52,66,46,1.2,48,3,0,0,0,0,0.0,0.0,0.0,0,0,3,3,0,4,0,0.0,0.0,-20.0,1.0
7,30,52,66,46,1.2,96,3,0,0,0,0,0.0,0.0,0.0,0,0,3,3,0,4,0,0.0,0.0,-20.0,1.0
7,30,60,58,38,0.4,24,41,0,0,0,0,0.0,0.0,0.0,0,0,41,41,0,64,0,0.0,0.0,-20.0,1.0
7,30,60,58,38,0.4,48,41,0,0,0,0,0.0,0.0,0.0,0,0,41,41,0,64,0,0.0,0.0,-20.0,1.0
7,30,60,58,38,0.4,96,41,0,0,0,0,0.0,0.0,0.0,0,0,41,41,0,64,0,0.0,0.0,-20.0,1.0
7,30,60,58,38,0.8,24,24,0,0,0,0,0.0,0.0,0.0,0,0,24,24,0,34,0,0.0,0.0,-20.0,1.0
7,30,60,58,38,0.8,48,24,0,0,0,0,0.0,0.0,0.0,0,0,24,24,0,34,0,0.0,0.0,-20.0,1.0
7,30,60,58,38,0.8,96,24,0,0,0,0,0.0,0.0,0.0,0,0,24,24,0,34,0,0.0,0.0,-20.0,1.0
7,30,60,58,38,1.2,24,8,0,0,0,0,0.0,0.0,0.0,0,0,8,8,0,12,0,0.0,0.0,-20.0,1.0
7,30,60,58,38,1.2,48,8,0,0,0,0,0.0,0.0,0.0,0,0,8,8,0,12,0,0.0,0.0,-20.0,1.0
7,30,60,58,38,1.2,96,8,0,0,0,0,0.0,0.0,0.0,0,0,8,8,0,12,0,0.0,0.0,-20.0,1.0
7,30,60,58,42,0.4,24,41,0,0,0,0,0.0,0.0,0.0,0,0,41,41,0,64,0,0.0,0.0,-20.0,1.0
7,30,60,58,42,0.4,48,41,0,0,0,0,0.0,0.0,0.0,0,0,41,41,0,64,0,0.0,0.0,-20.0,1.0
7,30,60,58,42,0.4,96,41,0,0,0,0,0.0,0.0,0.0,0,0,41,41,0,64,0,0.0,0.0,-20.0,1.0
7,30,60,58,42,0.8,24,24,0,0,0,0,0.0,0.0,0.0,0,0,24,24,0,34,0,0.0,0.0,-20.0,1.0
7,30,60,58,42,0.8,48,24,0,0,0,0,0.0,0.0,0.0,0,0,24,24,0,34,0,0.0,0.0,-20.0,1.0
7,30,60,58,42,0.8,96,24,0,0,0,0,0.0,0.0,0.0,0,0,24,24,0,34,0,0.0,0.0,-20.0,1.0
7,30,60,58,42,1.2,24,8,0,0,0,0,0.0,0.0,0.0,0,0,8,8,0,12,0,0.0,0.0,-20.0,1.0
7,30,60,58,42,1.2,48,8,0,0,0,0,0.0,0.0,0.0,0,0,8,8,0,12,0,0.0,0.0,-20.0,1.0
7,30,60,58,42,1.2,96,8,0,0,0,0,0.0,0.0,0.0,0,0,8,8,0,12,0,0.0,0.0,-20.0,1.0
7,30,60,58,46,0.4,24,41,0,0,0,0,0.0,0.0,0.0,0,0,41,41,0,64,0,0.0,0.0,-20.0,1.0
7,30,60,58,46,0.4,48,41,0,0,0,0,0.0,0.0,0.0,0,0,41,41,0,64,0,0.0,0.0,-20.0,1.0
7,30,60,58,46,0.4,96,41,0,0,0,0,0.0,0.0,0.0,0,0,41,41,0,64,0,0.0,0.0,-20.0,1.0
7,30,60,58,46,0.8,24,24,0,0,0,0,0.0,0.0,0.0,0,0,24,24,0,34,0,0.0,0.0,-20.0,1.0
7,30,60,58,46,0.8,48,24,0,0,0,0,0.0,0.0,0.0,0,0,24,24,0,34,0,0.0,0.0,-20.0,1.0
7,30,60,58,46,0.8,96,24,0,0,0,0,0.0,0.0,0.0,0,0,24,24,0,34,0,0.0,0.0,-20.0,1.0
7,30,60,58,46,1.2,24,8,0,0,0,0,0.0,0.0,0.0,0,0,8,8,0,12,0,0.0,0.0,-20.0,1.0
7,30,60,58,46,1.2,48,8,0,0,0,0,0.0,0.0,0.0,0,0,8,8,0,12,0,0.0,0.0,-20.0,1.0
7,30,60,58,46,1.2,96,8,0,0,0,0,0.0,0.0,0.0,0,0,8,8,0,12,0,0.0,0.0,-20.0,1.0
7,30,60,62,38,0.4,24,25,0,0,0,0,0.0,0.0,0.0,0,0,25,25,0,35,0,0.0,0.0,-20.0,1.0
7,30,60,62,38,0.4,48,25,0,0,0,0,0.0,0.0,0.0,0,0,25,25,0,35,0,0.0,0.0,-20.0,1.0
7,30,60,62,38,0.4,96,25,0,0,0,0,0.0,0.0,0.0,0,0,25,25,0,35,0,0.0,0.0,-20.0,1.0
7,30,60,62,38,0.8,24,15,0,0,0,0,0.0,0.0,0.0,0,0,15,15,0,21,0,0.0,0.0,-20.0,1.0
7,30,60,62,38,0.8,48,15,0,0,0,0,0.0,0.0,0.0,0,0,15,15,0,21,0,0.0,0.0,-20.0,1.0
7,30,60,62,38,0.8,96,15,0,0,0,0,0.0,0.0,0.0,0,0,15,15,0,21,0,0.0,0.0,-20.0,1.0
7,30,60,62,38,1.2,24,6,0,0,0,0,0.0,0.0,0.0,0,0,6,6,0,11,0,0.0,0.0,-20.0,1.0
7,30,60,62,38,1.2,48,6,0,0,0,0,0.0,0.0,0.0,0,0,6,6,0,11,0,0.0,0.0,-20.0,1.0
7,30,60,62,38,1.2,96,6,0,0,0,0,0.0,0.0,0.0,0,0,6,6,0,11,0,0.0,0.0,-20.0,1.0
7,30,60,62,42,0.4,24,25,0,0,0,0,0.0,0.0,0.0,0,0,25,25,0,35,0,0.0,0.0,-20.0,1.0
7,30,60,62,42,0.4,48,25,0,0,0,0,0.0,0.0,0.0,0,0,25,25,0,35,0,0.0,0.0,-20.0,1.0
7,30,60,62,42,0.4,96,25,0,0,0,0,0.0,0.0,0.0,0,0,25,25,0,35,0,0.0,0.0,-20.0,1.0
7,30,60,62,42,0.8,24,15,0,0,0,0,0.0,0.0,0.0,0,0,15,15,0,21,0,0.0,0.0,-20.0,1.0
7,30,60,62,42,0.8,48,15,0,0,0,0,0.0,0.0,0.0,0,0,15,15,0,21,0,0.0,0.0,-20.0,1.0
7,30,60,62,42,0.8,96,15,0,0,0,0,0.0,0.0,0.0,0,0,15,15,0,21,0,0.0,0.0,-20.0,1.0
7,30,60,62,42,1.2,24,6,0,0,0,0,0.0,0.0,0.0,0,0,6,6,0,11,0,0.0,0.0,-20.0,1.0
7,30,60,62,42,1.2,48,6,0,0,0,0,0.0,0.0,0.0,0,0,6,6,0,11,0,0.0,0.0,-20.0,1.0
7,30,60,62,42,1.2,96,6,0,0,0,0,0.0,0.0,0.0,0,0,6,6,0,11,0,0.0,0.0,-20.0,1.0
7,30,60,62,46,0.4,24,25,0,0,0,0,0.0,0.0,0.0,0,0,25,25,0,35,0,0.0,0.0,-20.0,1.0
7,30,60,62,46,0.4,48,25,0,0,0,0,0.0,0.0,0.0,0,0,25,25,0,35,0,0.0,0.0,-20.0,1.0
7,30,60,62,46,0.4,96,25,0,0,0,0,0.0,0.0,0.0,0,0,25,25,0,35,0,0.0,0.0,-20.0,1.0
7,30,60,62,46,0.8,24,15,0,0,0,0,0.0,0.0,0.0,0,0,15,15,0,21,0,0.0,0.0,-20.0,1.0
7,30,60,62,46,0.8,48,15,0,0,0,0,0.0,0.0,0.0,0,0,15,15,0,21,0,0.0,0.0,-20.0,1.0
7,30,60,62,46,0.8,96,15,0,0,0,0,0.0,0.0,0.0,0,0,15,15,0,21,0,0.0,0.0,-20.0,1.0
7,30,60,62,46,1.2,24,6,0,0,0,0,0.0,0.0,0.0,0,0,6,6,0,11,0,0.0,0.0,-20.0,1.0
7,30,60,62,46,1.2,48,6,0,0,0,0,0.0,0.0,0.0,0,0,6,6,0,11,0,0.0,0.0,-20.0,1.0
7,30,60,62,46,1.2,96,6,0,0,0,0,0.0,0.0,0.0,0,0,6,6,0,11,0,0.0,0.0,-20.0,1.0
7,30,60,66,38,0.4,24,7,0,0,0,0,0.0,0.0,0.0,0,0,7,7,0,13,0,0.0,0.0,-20.0,1.0
7,30,60,66,38,0.4,48,7,0,0,0,0,0.0,0.0,0.0,0,0,7,7,0,13,0,0.0,0.0,-20.0,1.0
7,30,60,66,38,0.4,96,7,0,0,0,0,0.0,0.0,0.0,0,0,7,7,0,13,0,0.0,0.0,-20.0,1.0
7,30,60,66,38,0.8,24,3,0,0,0,0,0.0,0.0,0.0,0,0,3,3,0,5,0,0.0,0.0,-20.0,1.0
7,30,60,66,38,0.8,48,3,0,0,0,0,0.0,0.0,0.0,0,0,3,3,0,5,0,0.0,0.0,-20.0,1.0
7,30,60,66,38,0.8,96,3,0,0,0,0,0.0,0.0,0.0,0,0,3,3,0,5,0,0.0,0.0,-20.0,1.0
7,30,60,66,38,1.2,24,3,0,0,0,0,0.0,0.0,0.0,0,0,3,3,0,5,0,0.0,0.0,-20.0,1.0
7,30,60,66,38,1.2,48,3,0,0,0,0,0.0,0.0,0.0,0,0,3,3,0,5,0,0.0,0.0,-20.0,1.0
7,30,60,66,38,1.2,96,3,0,0,0,0,0.0,0.0,0.0,0,0,3,3,0,5,0,0.0,0.0,-20.0,1.0
7,30,60,66,42,0.4,24,7,0,0,0,0,0.0,0.0,0.0,0,0,7,7,0,13,0,0.0,0.0,-20.0,1.0
7,30,60,66,42,0.4,48,7,0,0,0,0,0.0,0.0,0.0,0,0,7,7,0,13,0,0.0,0.0,-20.0,1.0
7,30,60,66,42,0.4,96,7,0,0,0,0,0.0,0.0,0.0,0,0,7,7,0,13,0,0.0,0.0,-20.0,1.0
7,30,60,66,42,0.8,24,3,0,0,0,0,0.0,0.0,0.0,0,0,3,3,0,5,0,0.0,0.0,-20.0,1.0
7,30,60,66,42,0.8,48,3,0,0,0,0,0.0,0.0,0.0,0,0,3,3,0,5,0,0.0,0.0,-20.0,1.0
7,30,60,66,42,0.8,96,3,0,0,0,0,0.0,0.0,0.0,0,0,3,3,0,5,0,0.0,0.0,-20.0,1.0
7,30,60,66,42,1.2,24,3,0,0,0,0,0.0,0.0,0.0,0,0,3,3,0,5,0,0.0,0.0,-20.0,1.0
7,30,60,66,42,1.2,48,3,0,0,0,0,0.0,0.0,0.0,0,0,3,3,0,5,0,0.0,0.0,-20.0,1.0
7,30,60,66,42,1.2,96,3,0,0,0,0,0.0,0.0,0.0,0,0,3,3,0,5,0,0.0,0.0,-20.0,1.0
7,30,60,66,46,0.4,24,7,0,0,0,0,0.0,0.0,0.0,0,0,7,7,0,13,0,0.0,0.0,-20.0,1.0
7,30,60,66,46,0.4,48,7,0,0,0,0,0.0,0.0,0.0,0,0,7,7,0,13,0,0.0,0.0,-20.0,1.0
7,30,60,66,46,0.4,96,7,0,0,0,0,0.0,0.0,0.0,0,0,7,7,0,13,0,0.0,0.0,-20.0,1.0
7,30,60,66,46,0.8,24,3,0,0,0,0,0.0,0.0,0.0,0,0,3,3,0,5,0,0.0,0.0,-20.0,1.0
7,30,60,66,46,0.8,48,3,0,0,0,0,0.0,0.0,0.0,0,0,3,3,0,5,0,0.0,0.0,-20.0,1.0
7,30,60,66,46,0.8,96,3,0,0,0,0,0.0,0.0,0.0,0,0,3,3,0,5,0,0.0,0.0,-20.0,1.0
7,30,60,66,46,1.2,24,3,0,0,0,0,0.0,0.0,0.0,0,0,3,3,0,5,0,0.0,0.0,-20.0,1.0
7,30,60,66,46,1.2,48,3,0,0,0,0,0.0,0.0,0.0,0,0,3,3,0,5,0,0.0,0.0,-20.0,1.0
7,30,60,66,46,1.2,96,3,0,0,0,0,0.0,0.0,0.0,0,0,3,3,0,5,0,0.0,0.0,-20.0,1.0
10,30,52,58,38,0.4,24,49,0,0,0,0,0.0,0.0,0.0,0,0,49,49,0,68,0,0.0,0.0,-20.0,1.0
10,30,52,58,38,0.4,48,49,0,0,0,0,0.0,0.0,0.0,0,0,49,49,0,68,0,0.0,0.0,-20.0,1.0
10,30,52,58,38,0.4,96,49,0,0,0,0,0.0,0.0,0.0,0,0,49,49,0,68,0,0.0,0.0,-20.0,1.0
10,30,52,58,38,0.8,24,27,0,0,0,0,0.0,0.0,0.0,0,0,27,27,0,38,0,0.0,0.0,-20.0,1.0
10,30,52,58,38,0.8,48,27,0,0,0,0,0.0,0.0,0.0,0,0,27,27,0,38,0,0.0,0.0,-20.0,1.0
10,30,52,58,38,0.8,96,27,0,0,0,0,0.0,0.0,0.0,0,0,27,27,0,38,0,0.0,0.0,-20.0,1.0
10,30,52,58,38,1.2,24,11,0,0,0,0,0.0,0.0,0.0,0,0,11,11,0,13,0,0.0,0.0,-20.0,1.0
10,30,52,58,38,1.2,48,11,0,0,0,0,0.0,0.0,0.0,0,0,11,11,0,13,0,0.0,0.0,-20.0,1.0
10,30,52,58,38,1.2,96,11,0,0,0,0,0.0,0.0,0.0,0,0,11,11,0,13,0,0.0,0.0,-20.0,1.0
10,30,52,58,42,0.4,24,49,0,0,0,0,0.0,0.0,0.0,0,0,49,49,0,68,0,0.0,0.0,-20.0,1.0
10,30,52,58,42,0.4,48,49,0,0,0,0,0.0,0.0,0.0,0,0,49,49,0,68,0,0.0,0.0,-20.0,1.0
10,30,52,58,42,0.4,96,49,0,0,0,0,0.0,0.0,0.0,0,0,49,49,0,68,0,0.0,0.0,-20.0,1.0
10,30,52,58,42,0.8,24,27,0,0,0,0,0.0,0.0,0.0,0,0,27,27,0,38,0,0.0,0.0,-20.0,1.0
10,30,52,58,42,0.8,48,27,0,0,0,0,0.0,0.0,0.0,0,0,27,27,0,38,0,0.0,0.0,-20.0,1.0
10,30,52,58,42,0.8,96,27,0,0,0,0,0.0,0.0,0.0,0,0,27,27,0,38,0,0.0,0.0,-20.0,1.0
10,30,52,58,42,1.2,24,11,0,0,0,0,0.0,0.0,0.0,0,0,11,11,0,13,0,0.0,0.0,-20.0,1.0
10,30,52,58,42,1.2,48,11,0,0,0,0,0.0,0.0,0.0,0,0,11,11,0,13,0,0.0,0.0,-20.0,1.0
10,30,52,58,42,1.2,96,11,0,0,0,0,0.0,0.0,0.0,0,0,11,11,0,13,0,0.0,0.0,-20.0,1.0
10,30,52,58,46,0.4,24,49,0,0,0,0,0.0,0.0,0.0,0,0,49,49,0,68,0,0.0,0.0,-20.0,1.0
10,30,52,58,46,0.4,48,49,0,0,0,0,0.0,0.0,0.0,0,0,49,49,0,68,0,0.0,0.0,-20.0,1.0
10,30,52,58,46,0.4,96,49,0,0,0,0,0.0,0.0,0.0,0,0,49,49,0,68,0,0.0,0.0,-20.0,1.0
10,30,52,58,46,0.8,24,27,0,0,0,0,0.0,0.0,0.0,0,0,27,27,0,38,0,0.0,0.0,-20.0,1.0
10,30,52,58,46,0.8,48,27,0,0,0,0,0.0,0.0,0.0,0,0,27,27,0,38,0,0.0,0.0,-20.0,1.0
10,30,52,58,46,0.8,96,27,0,0,0,0,0.0,0.0,0.0,0,0,27,27,0,38,0,0.0,0.0,-20.0,1.0
10,30,52,58,46,1.2,24,11,0,0,0,0,0.0,0.0,0.0,0,0,11,11,0,13,0,0.0,0.0,-20.0,1.0
10,30,52,58,46,1.2,48,11,0,0,0,0,0.0,0.0,0.0,0,0,11,11,0,13,0,0.0,0.0,-20.0,1.0
10,30,52,58,46,1.2,96,11,0,0,0,0,0.0,0.0,0.0,0,0,11,11,0,13,0,0.0,0.0,-20.0,1.0
10,30,52,62,38,0.4,24,29,0,0,0,0,0.0,0.0,0.0,0,0,29,29,0,39,0,0.0,0.0,-20.0,1.0
10,30,52,62,38,0.4,48,29,0,0,0,0,0.0,0.0,0.0,0,0,29,29,0,39,0,0.0,0.0,-20.0,1.0
10,30,52,62,38,0.4,96,29,0,0,0,0,0.0,0.0,0.0,0,0,29,29,0,39,0,0.0,0.0,-20.0,1.0
10,30,52,62,38,0.8,24,15,0,0,0,0,0.0,0.0,0.0,0,0,15,15,0,18,0,0.0,0.0,-20.0,1.0
10,30,52,62,38,0.8,48,15,0,0,0,0,0.0,0.0,0.0,0,0,15,15,0,18,0,0.0,0.0,-20.0,1.0
10,30,52,62,38,0.8,96,15,0,0,0,0,0.0,0.0,0.0,0,0,15,15,0,18,0,0.0,0.0,-20.0,1.0
10,30,52,62,38,1.2,24,6,0,0,0,0,0.0,0.0,0.0,0,0,6,6,0,8,0,0.0,0.0,-20.0,1.0
10,30,52,62,38,1.2,48,6,0,0,0,0,0.0,0.0,0.0,0,0,6,6,0,8,0,0.0,0.0,-20.0,1.0
10,30,52,62,38,1.2,96,6,0,0,0,0,0.0,0.0,0.0,0,0,6,6,0,8,0,0.0,0.0,-20.0,1.0
10,30,52,62,42,0.4,24,29,0,0,0,0,0.0,0.0,0.0,0,0,29,29,0,39,0,0.0,0.0,-20.0,1.0
10,30,52,62,42,0.4,48,29,0,0,0,0,0.0,0.0,0.0,0,0,29,29,0,39,0,0.0,0.0,-20.0,1.0
10,30,52,62,42,0.4,96,29,0,0,0,0,0.0,0.0,0.0,0,0,29,29,0,39,0,0.0,0.0,-20.0,1.0
10,30,52,62,42,0.8,24,15,0,0,0,0,0.0,0.0,0.0,0,0,15,15,0,18,0,0.0,0.0,-20.0,1.0
10,30,52,62,42,0.8,48,15,0,0,0,0,0.0,0.0,0.0,0,0,15,15,0,18,0,0.0,0.0,-20.0,1.0
10,30,52,62,42,0.8,96,15,0,0,0,0,0.0,0.0,0.0,0,0,15,15,0,18,0,0.0,0.0,-20.0,1.0
10,30,52,62,42,1.2,24,6,0,0,0,0,0.0,0.0,0.0,0,0,6,6,0,8,0,0.0,0.0,-20.0,1.0
10,30,52,62,42,1.2,48,6,0,0,0,0,0.0,0.0,0.0,0,0,6,6,0,8,0,0.0,0.0,-20.0,1.0
10,30,52,62,42,1.2,96,6,0,0,0,0,0.0,0.0,0.0,0,0,6,6,0,8,0,0.0,0.0,-20.0,1.0
10,30,52,62,46,0.4,24,29,0,0,0,0,0.0,0.0,0.0,0,0,29,29,0,39,0,0.0,0.0,-20.0,1.0
10,30,52,62,46,0.4,48,29,0,0,0,0,0.0,0.0,0.0,0,0,29,29,0,39,0,0.0,0.0,-20.0,1.0
10,30,52,62,46,0.4,96,29,0,0,0,0,0.0,0.0,0.0,0,0,29,29,0,39,0,0.0,0.0,-20.0,1.0
10,30,52,62,46,0.8,24,15,0,0,0,0,0.0,0.0,0.0,0,0,15,15,0,18,0,0.0,0.0,-20.0,1.0
10,30,52,62,46,0.8,48,15,0,0,0,0,0.0,0.0,0.0,0,0,15,15,0,18,0,0.0,0.0,-20.0,1.0
10,30,52,62,46,0.8,96,15,0,0,0,0,0.0,0.0,0.0,0,0,15,15,0,18,0,0.0,0.0,-20.0,1.0
10,30,52,62,46,1.2,24,6,0,0,0,0,0.0,0.0,0.0,0,0,6,6,0,8,0,0.0,0.0,-20.0,1.0
10,30,52,62,46,1.2,48,6,0,0,0,0,0.0,0.0,0.0,0,0,6,6,0,8,0,0.0,0.0,-20.0,1.0
10,30,52,62,46,1.2,96,6,0,0,0,0,0.0,0.0,0.0,0,0,6,6,0,8,0,0.0,0.0,-20.0,1.0
10,30,52,66,38,0.4,24,10,0,0,0,0,0.0,0.0,0.0,0,0,10,10,0,14,0,0.0,0.0,-20.0,1.0
10,30,52,66,38,0.4,48,10,0,0,0,0,0.0,0.0,0.0,0,0,10,10,0,14,0,0.0,0.0,-20.0,1.0
10,30,52,66,38,0.4,96,10,0,0,0,0,0.0,0.0,0.0,0,0,10,10,0,14,0,0.0,0.0,-20.0,1.0
10,30,52,66,38,0.8,24,3,0,0,0,0,0.0,0.0,0.0,0,0,3,3,0,4,0,0.0,0.0,-20.0,1.0
10,30,52,66,38,0.8,48,3,0,0,0,0,0.0,0.0,0.0,0,0,3,3,0,4,0,0.0,0.0,-20.0,1.0
10,30,52,66,38,0.8,96,3,0,0,0,0,0.0,0.0,0.0,0,0,3,3,0,4,0,0.0,0.0,-20.0,1.0
10,30,52,66,38,1.2,24,3,0,0,0,0,0.0,0.0,0.0,0,0,3,3,0,4,0,0.0,0.0,-20.0,1.0
10,30,52,66,38,1.2,48,3,0,0,0,0,0.0,0.0,0.0,0,0,3,3,0,4,0,0.0,0.0,-20.0,1.0
10,30,52,66,38,1.2,96,3,0,0,0,0,0.0,0.0,0.0,0,0,3,3,0,4,0,0.0,0.0,-20.0,1.0
10,30,52,66,42,0.4,24,10,0,0,0,0,0.0,0.0,0.0,0,0,10,10,0,14,0,0.0,0.0,-20.0,1.0
10,30,52,66,42,0.4,48,10,0,0,0,0,0.0,0.0,0.0,0,0,10,10,0,14,0,0.0,0.0,-20.0,1.0
10,30,52,66,42,0.4,96,10,0,0,0,0,0.0,0.0,0.0,0,0,10,10,0,14,0,0.0,0.0,-20.0,1.0
10,30,52,66,42,0.8,24,3,0,0,0,0,0.0,0.0,0.0,0,0,3,3,0,4,0,0.0,0.0,-20.0,1.0
10,30,52,66,42,0.8,48,3,0,0,0,0,0.0,0.0,0.0,0,0,3,3,0,4,0,0.0,0.0,-20.0,1.0
10,30,52,66,42,0.8,96,3,0,0,0,0,0.0,0.0,0.0,0,0,3,3,0,4,0,0.0,0.0,-20.0,1.0
10,30,52,66,42,1.2,24,3,0,0,0,0,0.0,0.0,0.0,0,0,3,3,0,4,0,0.0,0.0,-20.0,1.0
10,30,52,66,42,1.2,48,3,0,0,0,0,0.0,0.0,0.0,0,0,3,3,0,4,0,0.0,0.0,-20.0,1.0
10,30,52,66,42,1.2,96,3,0,0,0,0,0.0,0.0,0.0,0,0,3,3,0,4,0,0.0,0.0,-20.0,1.0
10,30,52,66,46,0.4,24,10,0,0,0,0,0.0,0.0,0.0,0,0,10,10,0,14,0,0.0,0.0,-20.0,1.0
10,30,52,66,46,0.4,48,10,0,0,0,0,0.0,0.0,0.0,0,0,10,10,0,14,0,0.0,0.0,-20.0,1.0
10,30,52,66,46,0.4,96,10,0,0,0,0,0.0,0.0,0.0,0,0,10,10,0,14,0,0.0,0.0,-20.0,1.0
10,30,52,66,46,0.8,24,3,0,0,0,0,0.0,0.0,0.0,0,0,3,3,0,4,0,0.0,0.0,-20.0,1.0
10,30,52,66,46,0.8,48,3,0,0,0,0,0.0,0.0,0.0,0,0,3,3,0,4,0,0.0,0.0,-20.0,1.0
10,30,52,66,46,0.8,96,3,0,0,0,0,0.0,0.0,0.0,0,0,3,3,0,4,0,0.0,0.0,-20.0,1.0
10,30,52,66,46,1.2,24,3,0,0,0,0,0.0,0.0,0.0,0,0,3,3,0,4,0,0.0,0.0,-20.0,1.0
10,30,52,66,46,1.2,48,3,0,0,0,0,0.0,0.0,0.0,0,0,3,3,0,4,0,0.0,0.0,-20.0,1.0
10,30,52,66,46,1.2,96,3,0,0,0,0,0.0,0.0,0.0,0,0,3,3,0,4,0,0.0,0.0,-20.0,1.0
10,30,60,58,38,0.4,24,40,0,0,0,0,0.0,0.0,0.0,0,0,40,40,0,63,0,0.0,0.0,-20.0,1.0
10,30,60,58,38,0.4,48,40,0,0,0,0,0.0,0.0,0.0,0,0,40,40,0,63,0,0.0,0.0,-20.0,1.0
10,30,60,58,38,0.4,96,40,0,0,0,0,0.0,0.0,0.0,0,0,40,40,0,63,0,0.0,0.0,-20.0,1.0
10,30,60,58,38,0.8,24,25,0,0,0,0,0.0,0.0,0.0,0,0,25,25,0,42,0,0.0,0.0,-20.0,1.0
10,30,60,58,38,0.8,48,25,0,0,0,0,0.0,0.0,0.0,0,0,25,25,0,42,0,0.0,0.0,-20.0,1.0
10,30,60,58,38,0.8,96,25,0,0,0,0,0.0,0.0,0.0,0,0,25,25,0,42,0,0.0,0.0,-20.0,1.0
10,30,60,58,38,1.2,24,8,0,0,0,0,0.0,0.0,0.0,0,0,8,8,0,14,0,0.0,0.0,-20.0,1.0
10,30,60,58,38,1.2,48,8,0,0,0,0,0.0,0.0,0.0,0,0,8,8,0,14,0,0.0,0.0,-20.0,1.0
10,30,60,58,38,1.2,96,8,0,0,0,0,0.0,0.0,0.0,0,0,8,8,0,14,0,0.0,0.0,-20.0,1.0
10,30,60,58,42,0.4,24,40,0,0,0,0,0.0,0.0,0.0,0,0,40,40,0,63,0,0.0,0.0,-20.0,1.0
10,30,60,58,42,0.4,48,40,0,0,0,0,0.0,0.0,0.0,0,0,40,40,0,63,0,0.0,0.0,-20.0,1.0
10,30,60,58,42,0.4,96,40,0,0,0,0,0.0,0.0,0.0,0,0,40,40,0,63,0,0.0,0.0,-20.0,1.0
10,30,60,58,42,0.8,24,25,0,0,0,0,0.0,0.0,0.0,0,0,25,25,0,42,0,0.0,0.0,-20.0,1.0
10,30,60,58,42,0.8,48,25,0,0,0,0,0.0,0.0,0.0,0,0,25,25,0,42,0,0.0,0.0,-20.0,1.0
10,30,60,58,42,0.8,96,25,0,0,0,0,0.0,0.0,0.0,0,0,25,25,0,42,0,0.0,0.0,-20.0,1.0
10,30,60,58,42,1.2,24,8,0,0,0,0,0.0,0.0,0.0,0,0,8,8,0,14,0,0.0,0.0,-20.0,1.0
10,30,60,58,42,1.2,48,8,0,0,0,0,0.0,0.0,0.0,0,0,8,8,0,14,0,0.0,0.0,-20.0,1.0
10,30,60,58,42,1.2,96,8,0,0,0,0,0.0,0.0,0.0,0,0,8,8,0,14,0,0.0,0.0,-20.0,1.0
10,30,60,58,46,0.4,24,40,0,0,0,0,0.0,0.0,0.0,0,0,40,40,0,63,0,0.0,0.0,-20.0,1.0
10,30,60,58,46,0.4,48,40,0,0,0,0,0.0,0.0,0.0,0,0,40,40,0,63,0,0.0,0.0,-20.0,1.0
10,30,60,58,46,0.4,96,40,0,0,0,0,0.0,0.0,0.0,0,0,40,40,0,63,0,0.0,0.0,-20.0,1.0
10,30,60,58,46,0.8,24,25,0,0,0,0,0.0,0.0,0.0,0,0,25,25,0,42,0,0.0,0.0,-20.0,1.0
10,30,60,58,46,0.8,48,25,0,0,0,0,0.0,0.0,0.0,0,0,25,25,0,42,0,0.0,0.0,-20.0,1.0
10,30,60,58,46,0.8,96,25,0,0,0,0,0.0,0.0,0.0,0,0,25,25,0,42,0,0.0,0.0,-20.0,1.0
10,30,60,58,46,1.2,24,8,0,0,0,0,0.0,0.0,0.0,0,0,8,8,0,14,0,0.0,0.0,-20.0,1.0
10,30,60,58,46,1.2,48,8,0,0,0,0,0.0,0.0,0.0,0,0,8,8,0,14,0,0.0,0.0,-20.0,1.0
10,30,60,58,46,1.2,96,8,0,0,0,0,0.0,0.0,0.0,0,0,8,8,0,14,0,0.0,0.0,-20.0,1.0
10,30,60,62,38,0.4,24,24,0,0,0,0,0.0,0.0,0.0,0,0,24,24,0,36,0,0.0,0.0,-20.0,1.0
10,30,60,62,38,0.4,48,24,0,0,0,0,0.0,0.0,0.0,0,0,24,24,0,36,0,0.0,0.0,-20.0,1.0
10,30,60,62,38,0.4,96,24,0,0,0,0,0.0,0.0,0.0,0,0,24,24,0,36,0,0.0,0.0,-20.0,1.0
10,30,60,62,38,0.8,24,15,0,0,0,0,0.0,0.0,0.0,0,0,15,15,0,24,0,0.0,0.0,-20.0,1.0
10,30,60,62,38,0.8,48,15,0,0,0,0,0.0,0.0,0.0,0,0,15,15,0,24,0,0.0,0.0,-20.0,1.0
10,30,60,62,38,0.8,96,15,0,0,0,0,0.0,0.0,0.0,0,0,15,15,0,24,0,0.0,0.0,-20.0,1.0
10,30,60,62,38,1.2,24,6,0,0,0,0,0.0,0.0,0.0,0,0,6,6,0,10,0,0.0,0.0,-20.0,1.0
10,30,60,62,38,1.2,48,6,0,0,0,0,0.0,0.0,0.0,0,0,6,6,0,10,0,0.0,0.0,-20.0,1.0
10,30,60,62,38,1.2,96,6,0,0,0,0,0.0,0.0,0.0,0,0,6,6,0,10,0,0.0,0.0,-20.0,1.0
10,30,60,62,42,0.4,24,24,0,0,0,0,0.0,0.0,0.0,0,0,24,24,0,36,0,0.0,0.0,-20.0,1.0
10,30,60,62,42,0.4,48,24,0,0,0,0,0.0,0.0,0.0,0,0,24,24,0,36,0,0.0,0.0,-20.0,1.0
10,30,60,62,42,0.4,96,24,0,0,0,0,0.0,0.0,0.0,0,0,24,24,0,36,0,0.0,0.0,-20.0,1.0
10,30,60,62,42,0.8,24,15,0,0,0,0,0.0,0.0,0.0,0,0,15,15,0,24,0,0.0,0.0,-20.0,1.0
10,30,60,62,42,0.8,48,15,0,0,0,0,0.0,0.0,0.0,0,0,15,15,0,24,0,0.0,0.0,-20.0,1.0
10,30,60,62,42,0.8,96,15,0,0,0,0,0.0,0.0,0.0,0,0,15,15,0,24,0,0.0,0.0,-20.0,1.0
10,30,60,62,42,1.2,24,6,0,0,0,0,0.0,0.0,0.0,0,0,6,6,0,10,0,0.0,0.0,-20.0,1.0
10,30,60,62,42,1.2,48,6,0,0,0,0,0.0,0.0,0.0,0,0,6,6,0,10,0,0.0,0.0,-20.0,1.0
10,30,60,62,42,1.2,96,6,0,0,0,0,0.0,0.0,0.0,0,0,6,6,0,10,0,0.0,0.0,-20.0,1.0
10,30,60,62,46,0.4,24,24,0,0,0,0,0.0,0.0,0.0,0,0,24,24,0,36,0,0.0,0.0,-20.0,1.0
10,30,60,62,46,0.4,48,24,0,0,0,0,0.0,0.0,0.0,0,0,24,24,0,36,0,0.0,0.0,-20.0,1.0
10,30,60,62,46,0.4,96,24,0,0,0,0,0.0,0.0,0.0,0,0,24,24,0,36,0,0.0,0.0,-20.0,1.0
10,30,60,62,46,0.8,24,15,0,0,0,0,0.0,0.0,0.0,0,0,15,15,0,24,0,0.0,0.0,-20.0,1.0
10,30,60,62,46,0.8,48,15,0,0,0,0,0.0,0.0,0.0,0,0,15,15,0,24,0,0.0,0.0,-20.0,1.0
10,30,60,62,46,0.8,96,15,0,0,0,0,0.0,0.0,0.0,0,0,15,15,0,24,0,0.0,0.0,-20.0,1.0
10,30,60,62,46,1.2,24,6,0,0,0,0,0.0,0.0,0.0,0,0,6,6,0,10,0,0.0,0.0,-20.0,1.0
10,30,60,62,46,1.2,48,6,0,0,0,0,0.0,0.0,0.0,0,0,6,6,0,10,0,0.0,0.0,-20.0,1.0
10,30,60,62,46,1.2,96,6,0,0,0,0,0.0,0.0,0.0,0,0,6,6,0,10,0,0.0,0.0,-20.0,1.0
10,30,60,66,38,0.4,24,7,0,0,0,0,0.0,0.0,0.0,0,0,7,7,0,12,0,0.0,0.0,-20.0,1.0
10,30,60,66,38,0.4,48,7,0,0,0,0,0.0,0.0,0.0,0,0,7,7,0,12,0,0.0,0.0,-20.0,1.0
10,30,60,66,38,0.4,96,7,0,0,0,0,0.0,0.0,0.0,0,0,7,7,0,12,0,0.0,0.0,-20.0,1.0
10,30,60,66,38,0.8,24,3,0,0,0,0,0.0,0.0,0.0,0,0,3,3,0,5,0,0.0,0.0,-20.0,1.0
10,30,60,66,38,0.8,48,3,0,0,0,0,0.0,0.0,0.0,0,0,3,3,0,5,0,0.0,0.0,-20.0,1.0
10,30,60,66,38,0.8,96,3,0,0,0,0,0.0,0.0,0.0,0,0,3,3,0,5,0,0.0,0.0,-20.0,1.0
10,30,60,66,38,1.2,24,3,0,0,0,0,0.0,0.0,0.0,0,0,3,3,0,5,0,0.0,0.0,-20.0,1.0
10,30,60,66,38,1.2,48,3,0,0,0,0,0.0,0.0,0.0,0,0,3,3,0,5,0,0.0,0.0,-20.0,1.0
10,30,60,66,38,1.2,96,3,0,0,0,0,0.0,0.0,0.0,0,0,3,3,0,5,0,0.0,0.0,-20.0,1.0
10,30,60,66,42,0.4,24,7,0,0,0,0,0.0,0.0,0.0,0,0,7,7,0,12,0,0.0,0.0,-20.0,1.0
10,30,60,66,42,0.4,48,7,0,0,0,0,0.0,0.0,0.0,0,0,7,7,0,12,0,0.0,0.0,-20.0,1.0
10,30,60,66,42,0.4,96,7,0,0,0,0,0.0,0.0,0.0,0,0,7,7,0,12,0,0.0,0.0,-20.0,1.0
10,30,60,66,42,0.8,24,3,0,0,0,0,0.0,0.0,0.0,0,0,3,3,0,5,0,0.0,0.0,-20.0,1.0
10,30,60,66,42,0.8,48,3,0,0,0,0,0.0,0.0,0.0,0,0,3,3,0,5,0,0.0,0.0,-20.0,1.0
10,30,60,66,42,0.8,96,3,0,0,0,0,0.0,0.0,0.0,0,0,3,3,0,5,0,0.0,0.0,-20.0,1.0
10,30,60,66,42,1.2,24,3,0,0,0,0,0.0,0.0,0.0,0,0,3,3,0,5,0,0.0,0.0,-20.0,1.0
10,30,60,66,42,1.2,48,3,0,0,0,0,0.0,0.0,0.0,0,0,3,3,0,5,0,0.0,0.0,-20.0,1.0
10,30,60,66,42,1.2,96,3,0,0,0,0,0.0,0.0,0.0,0,0,3,3,0,5,0,0.0,0.0,-20.0,1.0
10,30,60,66,46,0.4,24,7,0,0,0,0,0.0,0.0,0.0,0,0,7,7,0,12,0,0.0,0.0,-20.0,1.0
10,30,60,66,46,0.4,48,7,0,0,0,0,0.0,0.0,0.0,0,0,7,7,0,12,0,0.0,0.0,-20.0,1.0
10,30,60,66,46,0.4,96,7,0,0,0,0,0.0,0.0,0.0,0,0,7,7,0,12,0,0.0,0.0,-20.0,1.0
10,30,60,66,46,0.8,24,3,0,0,0,0,0.0,0.0,0.0,0,0,3,3,0,5,0,0.0,0.0,-20.0,1.0
10,30,60,66,46,0.8,48,3,0,0,0,0,0.0,0.0,0.0,0,0,3,3,0,5,0,0.0,0.0,-20.0,1.0
10,30,60,66,46,0.8,96,3,0,0,0,0,0.0,0.0,0.0,0,0,3,3,0,5,0,0.0,0.0,-20.0,1.0
10,30,60,66,46,1.2,24,3,0,0,0,0,0.0,0.0,0.0,0,0,3,3,0,5,0,0.0,0.0,-20.0,1.0
10,30,60,66,46,1.2,48,3,0,0,0,0,0.0,0.0,0.0,0,0,3,3,0,5,0,0.0,0.0,-20.0,1.0
10,30,60,66,46,1.2,96,3,0,0,0,0,0.0,0.0,0.0,0,0,3,3,0,5,0,0.0,0.0,-20.0,1.0
7,20,52,62,38,1.2,24,7,1,1,1,1,100.0,14.29,100.0,1,1,6,6,0,10,0,3.84,9.37,-20.26,1.0383690690061695
7,20,52,62,38,1.2,48,7,1,1,1,1,100.0,14.29,100.0,1,1,6,6,0,10,0,3.84,9.37,-20.26,1.0383690690061695
7,20,52,62,38,1.2,96,7,1,1,1,1,100.0,14.29,100.0,1,1,6,6,0,10,0,3.84,9.37,-20.26,1.0383690690061695
7,20,60,62,38,1.2,24,7,1,1,1,1,100.0,14.29,100.0,1,1,6,6,0,8,0,3.84,9.37,-20.26,1.0383690690061695
7,20,60,62,38,1.2,48,7,1,1,1,1,100.0,14.29,100.0,1,1,6,6,0,8,0,3.84,9.37,-20.26,1.0383690690061695
7,20,60,62,38,1.2,96,7,1,1,1,1,100.0,14.29,100.0,1,1,6,6,0,8,0,3.84,9.37,-20.26,1.0383690690061695
10,20,52,62,38,1.2,24,7,1,1,1,1,100.0,14.29,100.0,1,1,6,6,0,8,0,3.84,9.37,-20.26,1.0383690690061695
10,20,52,62,38,1.2,48,7,1,1,1,1,100.0,14.29,100.0,1,1,6,6,0,8,0,3.84,9.37,-20.26,1.0383690690061695
10,20,52,62,38,1.2,96,7,1,1,1,1,100.0,14.29,100.0,1,1,6,6,0,8,0,3.84,9.37,-20.26,1.0383690690061695
10,20,60,62,38,1.2,24,7,1,1,1,1,100.0,14.29,100.0,1,1,6,6,0,10,0,3.84,9.37,-20.26,1.0383690690061695
10,20,60,62,38,1.2,48,7,1,1,1,1,100.0,14.29,100.0,1,1,6,6,0,10,0,3.84,9.37,-20.26,1.0383690690061695
10,20,60,62,38,1.2,96,7,1,1,1,1,100.0,14.29,100.0,1,1,6,6,0,10,0,3.84,9.37,-20.26,1.0383690690061695
7,20,60,58,38,1.2,24,11,1,1,1,1,100.0,9.09,100.0,1,1,10,10,0,13,0,3.84,9.37,-21.04,1.0383690690061695
7,20,60,58,38,1.2,48,11,1,1,1,1,100.0,9.09,100.0,1,1,10,10,0,13,0,3.84,9.37,-21.04,1.0383690690061695
7,20,60,58,38,1.2,96,11,1,1,1,1,100.0,9.09,100.0,1,1,10,10,0,13,0,3.84,9.37,-21.04,1.0383690690061695
10,20,60,58,38,1.2,24,11,1,1,1,1,100.0,9.09,100.0,1,1,10,10,0,17,0,3.84,9.37,-21.04,1.0383690690061695
10,20,60,58,38,1.2,48,11,1,1,1,1,100.0,9.09,100.0,1,1,10,10,0,17,0,3.84,9.37,-21.04,1.0383690690061695
10,20,60,58,38,1.2,96,11,1,1,1,1,100.0,9.09,100.0,1,1,10,10,0,17,0,3.84,9.37,-21.04,1.0383690690061695
7,20,52,58,38,1.2,24,13,1,1,1,1,100.0,7.69,100.0,1,1,12,12,0,20,0,3.84,9.37,-21.25,1.0383690690061695
7,20,52,58,38,1.2,48,13,1,1,1,1,100.0,7.69,100.0,1,1,12,12,0,20,0,3.84,9.37,-21.25,1.0383690690061695
7,20,52,58,38,1.2,96,13,1,1,1,1,100.0,7.69,100.0,1,1,12,12,0,20,0,3.84,9.37,-21.25,1.0383690690061695
10,20,52,58,38,1.2,24,13,1,1,1,1,100.0,7.69,100.0,1,1,12,12,0,18,0,3.84,9.37,-21.25,1.0383690690061695
10,20,52,58,38,1.2,48,13,1,1,1,1,100.0,7.69,100.0,1,1,12,12,0,18,0,3.84,9.37,-21.25,1.0383690690061695
10,20,52,58,38,1.2,96,13,1,1,1,1,100.0,7.69,100.0,1,1,12,12,0,18,0,3.84,9.37,-21.25,1.0383690690061695
7,20,52,62,38,0.8,24,14,1,1,1,1,100.0,7.14,100.0,1,1,13,13,0,20,0,3.84,9.37,-21.33,1.0383690690061695
7,20,52,62,38,0.8,48,14,1,1,1,1,100.0,7.14,100.0,1,1,13,13,0,20,0,3.84,9.37,-21.33,1.0383690690061695
7,20,52,62,38,0.8,96,14,1,1,1,1,100.0,7.14,100.0,1,1,13,13,0,20,0,3.84,9.37,-21.33,1.0383690690061695
10,20,52,62,38,0.8,24,14,1,1,1,1,100.0,7.14,100.0,1,1,13,13,0,17,0,3.84,9.37,-21.33,1.0383690690061695
10,20,52,62,38,0.8,48,14,1,1,1,1,100.0,7.14,100.0,1,1,13,13,0,17,0,3.84,9.37,-21.33,1.0383690690061695
10,20,52,62,38,0.8,96,14,1,1,1,1,100.0,7.14,100.0,1,1,13,13,0,17,0,3.84,9.37,-21.33,1.0383690690061695
7,20,52,62,42,1.2,24,7,1,1,1,1,100.0,14.29,100.0,1,1,6,6,0,10,0,2.72,9.37,-21.37,1.027244657298528
7,20,52,62,42,1.2,48,7,1,1,1,1,100.0,14.29,100.0,1,1,6,6,0,10,0,2.72,9.37,-21.37,1.027244657298528
7,20,52,62,42,1.2,96,7,1,1,1,1,100.0,14.29,100.0,1,1,6,6,0,10,0,2.72,9.37,-21.37,1.027244657298528
7,20,52,62,46,1.2,24,7,1,1,1,1,100.0,14.29,100.0,1,1,6,6,0,10,0,2.72,9.37,-21.37,1.027244657298528
7,20,52,62,46,1.2,48,7,1,1,1,1,100.0,14.29,100.0,1,1,6,6,0,10,0,2.72,9.37,-21.37,1.027244657298528
7,20,52,62,46,1.2,96,7,1,1,1,1,100.0,14.29,100.0,1,1,6,6,0,10,0,2.72,9.37,-21.37,1.027244657298528
7,20,60,62,42,1.2,24,7,1,1,1,1,100.0,14.29,100.0,1,1,6,6,0,8,0,2.72,9.37,-21.37,1.027244657298528
7,20,60,62,42,1.2,48,7,1,1,1,1,100.0,14.29,100.0,1,1,6,6,0,8,0,2.72,9.37,-21.37,1.027244657298528
7,20,60,62,42,1.2,96,7,1,1,1,1,100.0,14.29,100.0,1,1,6,6,0,8,0,2.72,9.37,-21.37,1.027244657298528
7,20,60,62,46,1.2,24,7,1,1,1,1,100.0,14.29,100.0,1,1,6,6,0,8,0,2.72,9.37,-21.37,1.027244657298528
7,20,60,62,46,1.2,48,7,1,1,1,1,100.0,14.29,100.0,1,1,6,6,0,8,0,2.72,9.37,-21.37,1.027244657298528
7,20,60,62,46,1.2,96,7,1,1,1,1,100.0,14.29,100.0,1,1,6,6,0,8,0,2.72,9.37,-21.37,1.027244657298528
10,20,52,62,42,1.2,24,7,1,1,1,1,100.0,14.29,100.0,1,1,6,6,0,8,0,2.72,9.37,-21.37,1.027244657298528
10,20,52,62,42,1.2,48,7,1,1,1,1,100.0,14.29,100.0,1,1,6,6,0,8,0,2.72,9.37,-21.37,1.027244657298528
10,20,52,62,42,1.2,96,7,1,1,1,1,100.0,14.29,100.0,1,1,6,6,0,8,0,2.72,9.37,-21.37,1.027244657298528
10,20,52,62,46,1.2,24,7,1,1,1,1,100.0,14.29,100.0,1,1,6,6,0,8,0,2.72,9.37,-21.37,1.027244657298528
10,20,52,62,46,1.2,48,7,1,1,1,1,100.0,14.29,100.0,1,1,6,6,0,8,0,2.72,9.37,-21.37,1.027244657298528
10,20,52,62,46,1.2,96,7,1,1,1,1,100.0,14.29,100.0,1,1,6,6,0,8,0,2.72,9.37,-21.37,1.027244657298528
10,20,60,62,42,1.2,24,7,1,1,1,1,100.0,14.29,100.0,1,1,6,6,0,10,0,2.72,9.37,-21.37,1.027244657298528
10,20,60,62,42,1.2,48,7,1,1,1,1,100.0,14.29,100.0,1,1,6,6,0,10,0,2.72,9.37,-21.37,1.027244657298528
10,20,60,62,42,1.2,96,7,1,1,1,1,100.0,14.29,100.0,1,1,6,6,0,10,0,2.72,9.37,-21.37,1.027244657298528
10,20,60,62,46,1.2,24,7,1,1,1,1,100.0,14.29,100.0,1,1,6,6,0,10,0,2.72,9.37,-21.37,1.027244657298528
10,20,60,62,46,1.2,48,7,1,1,1,1,100.0,14.29,100.0,1,1,6,6,0,10,0,2.72,9.37,-21.37,1.027244657298528
10,20,60,62,46,1.2,96,7,1,1,1,1,100.0,14.29,100.0,1,1,6,6,0,10,0,2.72,9.37,-21.37,1.027244657298528
7,20,60,62,38,0.8,24,15,1,1,1,1,100.0,6.67,100.0,1,1,14,14,0,17,0,3.84,9.37,-21.41,1.0383690690061695
7,20,60,62,38,0.8,48,15,1,1,1,1,100.0,6.67,100.0,1,1,14,14,0,17,0,3.84,9.37,-21.41,1.0383690690061695
7,20,60,62,38,0.8,96,15,1,1,1,1,100.0,6.67,100.0,1,1,14,14,0,17,0,3.84,9.37,-21.41,1.0383690690061695
10,20,60,62,38,0.8,24,15,1,1,1,1,100.0,6.67,100.0,1,1,14,14,0,23,0,3.84,9.37,-21.41,1.0383690690061695
10,20,60,62,38,0.8,48,15,1,1,1,1,100.0,6.67,100.0,1,1,14,14,0,23,0,3.84,9.37,-21.41,1.0383690690061695
10,20,60,62,38,0.8,96,15,1,1,1,1,100.0,6.67,100.0,1,1,14,14,0,23,0,3.84,9.37,-21.41,1.0383690690061695
7,20,60,58,38,0.8,24,22,1,1,1,1,100.0,4.55,100.0,1,1,21,21,0,27,0,3.84,9.37,-21.72,1.0383690690061695
7,20,60,58,38,0.8,48,22,1,1,1,1,100.0,4.55,100.0,1,1,21,21,0,27,0,3.84,9.37,-21.72,1.0383690690061695
7,20,60,58,38,0.8,96,22,1,1,1,1,100.0,4.55,100.0,1,1,21,21,0,27,0,3.84,9.37,-21.72,1.0383690690061695
7,20,52,58,38,0.8,24,23,1,1,1,1,100.0,4.35,100.0,1,1,22,22,0,33,0,3.84,9.37,-21.75,1.0383690690061695
7,20,52,58,38,0.8,48,23,1,1,1,1,100.0,4.35,100.0,1,1,22,22,0,33,0,3.84,9.37,-21.75,1.0383690690061695
7,20,52,58,38,0.8,96,23,1,1,1,1,100.0,4.35,100.0,1,1,22,22,0,33,0,3.84,9.37,-21.75,1.0383690690061695
7,20,60,62,38,0.4,24,23,1,1,1,1,100.0,4.35,100.0,1,1,22,22,0,26,0,3.84,9.37,-21.75,1.0383690690061695
7,20,60,62,38,0.4,48,23,1,1,1,1,100.0,4.35,100.0,1,1,22,22,0,26,0,3.84,9.37,-21.75,1.0383690690061695
7,20,60,62,38,0.4,96,23,1,1,1,1,100.0,4.35,100.0,1,1,22,22,0,26,0,3.84,9.37,-21.75,1.0383690690061695
10,20,60,58,38,0.8,24,23,1,1,1,1,100.0,4.35,100.0,1,1,22,22,0,35,0,3.84,9.37,-21.75,1.0383690690061695
10,20,60,58,38,0.8,48,23,1,1,1,1,100.0,4.35,100.0,1,1,22,22,0,35,0,3.84,9.37,-21.75,1.0383690690061695
10,20,60,58,38,0.8,96,23,1,1,1,1,100.0,4.35,100.0,1,1,22,22,0,35,0,3.84,9.37,-21.75,1.0383690690061695
10,20,60,62,38,0.4,24,23,1,1,1,1,100.0,4.35,100.0,1,1,22,22,0,34,0,3.84,9.37,-21.75,1.0383690690061695
10,20,60,62,38,0.4,48,23,1,1,1,1,100.0,4.35,100.0,1,1,22,22,0,34,0,3.84,9.37,-21.75,1.0383690690061695
10,20,60,62,38,0.4,96,23,1,1,1,1,100.0,4.35,100.0,1,1,22,22,0,34,0,3.84,9.37,-21.75,1.0383690690061695
10,20,52,58,38,0.8,24,25,1,1,1,1,100.0,4.0,100.0,1,1,24,24,0,31,0,3.84,9.37,-21.81,1.0383690690061695
10,20,52,58,38,0.8,48,25,1,1,1,1,100.0,4.0,100.0,1,1,24,24,0,31,0,3.84,9.37,-21.81,1.0383690690061695
10,20,52,58,38,0.8,96,25,1,1,1,1,100.0,4.0,100.0,1,1,24,24,0,31,0,3.84,9.37,-21.81,1.0383690690061695
7,20,52,62,38,0.4,24,26,1,1,1,1,100.0,3.85,100.0,1,1,25,25,0,37,0,3.84,9.37,-21.83,1.0383690690061695
7,20,52,62,38,0.4,48,26,1,1,1,1,100.0,3.85,100.0,1,1,25,25,0,37,0,3.84,9.37,-21.83,1.0383690690061695
7,20,52,62,38,0.4,96,26,1,1,1,1,100.0,3.85,100.0,1,1,25,25,0,37,0,3.84,9.37,-21.83,1.0383690690061695
10,20,52,62,38,0.4,24,26,1,1,1,1,100.0,3.85,100.0,1,1,25,25,0,34,0,3.84,9.37,-21.83,1.0383690690061695
10,20,52,62,38,0.4,48,26,1,1,1,1,100.0,3.85,100.0,1,1,25,25,0,34,0,3.84,9.37,-21.83,1.0383690690061695
10,20,52,62,38,0.4,96,26,1,1,1,1,100.0,3.85,100.0,1,1,25,25,0,34,0,3.84,9.37,-21.83,1.0383690690061695
7,20,60,58,38,0.4,24,35,1,1,1,1,100.0,2.86,100.0,1,1,34,34,0,48,0,3.84,9.37,-21.98,1.0383690690061695
7,20,60,58,38,0.4,48,35,1,1,1,1,100.0,2.86,100.0,1,1,34,34,0,48,0,3.84,9.37,-21.98,1.0383690690061695
7,20,60,58,38,0.4,96,35,1,1,1,1,100.0,2.86,100.0,1,1,34,34,0,48,0,3.84,9.37,-21.98,1.0383690690061695
10,20,60,58,38,0.4,24,36,1,1,1,1,100.0,2.78,100.0,1,1,35,35,0,57,0,3.84,9.37,-21.99,1.0383690690061695
10,20,60,58,38,0.4,48,36,1,1,1,1,100.0,2.78,100.0,1,1,35,35,0,57,0,3.84,9.37,-21.99,1.0383690690061695
10,20,60,58,38,0.4,96,36,1,1,1,1,100.0,2.78,100.0,1,1,35,35,0,57,0,3.84,9.37,-21.99,1.0383690690061695
7,20,52,58,38,0.4,24,40,1,1,1,1,100.0,2.5,100.0,1,1,39,39,0,57,0,3.84,9.37,-22.03,1.0383690690061695
7,20,52,58,38,0.4,48,40,1,1,1,1,100.0,2.5,100.0,1,1,39,39,0,57,0,3.84,9.37,-22.03,1.0383690690061695
7,20,52,58,38,0.4,96,40,1,1,1,1,100.0,2.5,100.0,1,1,39,39,0,57,0,3.84,9.37,-22.03,1.0383690690061695
10,20,52,58,38,0.4,24,42,1,1,1,1,100.0,2.38,100.0,1,1,41,41,0,59,0,3.84,9.37,-22.05,1.0383690690061695
10,20,52,58,38,0.4,48,42,1,1,1,1,100.0,2.38,100.0,1,1,41,41,0,59,0,3.84,9.37,-22.05,1.0383690690061695
10,20,52,58,38,0.4,96,42,1,1,1,1,100.0,2.38,100.0,1,1,41,41,0,59,0,3.84,9.37,-22.05,1.0383690690061695
7,20,60,58,42,1.2,24,11,1,1,1,1,100.0,9.09,100.0,1,1,10,10,0,13,0,2.72,9.37,-22.15,1.027244657298528
7,20,60,58,42,1.2,48,11,1,1,1,1,100.0,9.09,100.0,1,1,10,10,0,13,0,2.72,9.37,-22.15,1.027244657298528
7,20,60,58,42,1.2,96,11,1,1,1,1,100.0,9.09,100.0,1,1,10,10,0,13,0,2.72,9.37,-22.15,1.027244657298528
7,20,60,58,46,1.2,24,11,1,1,1,1,100.0,9.09,100.0,1,1,10,10,0,13,0,2.72,9.37,-22.15,1.027244657298528
7,20,60,58,46,1.2,48,11,1,1,1,1,100.0,9.09,100.0,1,1,10,10,0,13,0,2.72,9.37,-22.15,1.027244657298528
7,20,60,58,46,1.2,96,11,1,1,1,1,100.0,9.09,100.0,1,1,10,10,0,13,0,2.72,9.37,-22.15,1.027244657298528
10,20,60,58,42,1.2,24,11,1,1,1,1,100.0,9.09,100.0,1,1,10,10,0,17,0,2.72,9.37,-22.15,1.027244657298528
10,20,60,58,42,1.2,48,11,1,1,1,1,100.0,9.09,100.0,1,1,10,10,0,17,0,2.72,9.37,-22.15,1.027244657298528
10,20,60,58,42,1.2,96,11,1,1,1,1,100.0,9.09,100.0,1,1,10,10,0,17,0,2.72,9.37,-22.15,1.027244657298528
10,20,60,58,46,1.2,24,11,1,1,1,1,100.0,9.09,100.0,1,1,10,10,0,17,0,2.72,9.37,-22.15,1.027244657298528
10,20,60,58,46,1.2,48,11,1,1,1,1,100.0,9.09,100.0,1,1,10,10,0,17,0,2.72,9.37,-22.15,1.027244657298528
10,20,60,58,46,1.2,96,11,1,1,1,1,100.0,9.09,100.0,1,1,10,10,0,17,0,2.72,9.37,-22.15,1.027244657298528
7,20,52,58,42,1.2,24,13,1,1,1,1,100.0,7.69,100.0,1,1,12,12,0,20,0,2.72,9.37,-22.36,1.027244657298528
7,20,52,58,42,1.2,48,13,1,1,1,1,100.0,7.69,100.0,1,1,12,12,0,20,0,2.72,9.37,-22.36,1.027244657298528
7,20,52,58,42,1.2,96,13,1,1,1,1,100.0,7.69,100.0,1,1,12,12,0,20,0,2.72,9.37,-22.36,1.027244657298528
7,20,52,58,46,1.2,24,13,1,1,1,1,100.0,7.69,100.0,1,1,12,12,0,20,0,2.72,9.37,-22.36,1.027244657298528
7,20,52,58,46,1.2,48,13,1,1,1,1,100.0,7.69,100.0,1,1,12,12,0,20,0,2.72,9.37,-22.36,1.027244657298528
7,20,52,58,46,1.2,96,13,1,1,1,1,100.0,7.69,100.0,1,1,12,12,0,20,0,2.72,9.37,-22.36,1.027244657298528
10,20,52,58,42,1.2,24,13,1,1,1,1,100.0,7.69,100.0,1,1,12,12,0,18,0,2.72,9.37,-22.36,1.027244657298528
10,20,52,58,42,1.2,48,13,1,1,1,1,100.0,7.69,100.0,1,1,12,12,0,18,0,2.72,9.37,-22.36,1.027244657298528
10,20,52,58,42,1.2,96,13,1,1,1,1,100.0,7.69,100.0,1,1,12,12,0,18,0,2.72,9.37,-22.36,1.027244657298528
10,20,52,58,46,1.2,24,13,1,1,1,1,100.0,7.69,100.0,1,1,12,12,0,18,0,2.72,9.37,-22.36,1.027244657298528
10,20,52,58,46,1.2,48,13,1,1,1,1,100.0,7.69,100.0,1,1,12,12,0,18,0,2.72,9.37,-22.36,1.027244657298528
10,20,52,58,46,1.2,96,13,1,1,1,1,100.0,7.69,100.0,1,1,12,12,0,18,0,2.72,9.37,-22.36,1.027244657298528
7,20,52,62,42,0.8,24,14,1,1,1,1,100.0,7.14,100.0,1,1,13,13,0,20,0,2.72,9.37,-22.45,1.027244657298528
7,20,52,62,42,0.8,48,14,1,1,1,1,100.0,7.14,100.0,1,1,13,13,0,20,0,2.72,9.37,-22.45,1.027244657298528
7,20,52,62,42,0.8,96,14,1,1,1,1,100.0,7.14,100.0,1,1,13,13,0,20,0,2.72,9.37,-22.45,1.027244657298528
7,20,52,62,46,0.8,24,14,1,1,1,1,100.0,7.14,100.0,1,1,13,13,0,20,0,2.72,9.37,-22.45,1.027244657298528
7,20,52,62,46,0.8,48,14,1,1,1,1,100.0,7.14,100.0,1,1,13,13,0,20,0,2.72,9.37,-22.45,1.027244657298528
7,20,52,62,46,0.8,96,14,1,1,1,1,100.0,7.14,100.0,1,1,13,13,0,20,0,2.72,9.37,-22.45,1.027244657298528
10,20,52,62,42,0.8,24,14,1,1,1,1,100.0,7.14,100.0,1,1,13,13,0,17,0,2.72,9.37,-22.45,1.027244657298528
10,20,52,62,42,0.8,48,14,1,1,1,1,100.0,7.14,100.0,1,1,13,13,0,17,0,2.72,9.37,-22.45,1.027244657298528
10,20,52,62,42,0.8,96,14,1,1,1,1,100.0,7.14,100.0,1,1,13,13,0,17,0,2.72,9.37,-22.45,1.027244657298528
10,20,52,62,46,0.8,24,14,1,1,1,1,100.0,7.14,100.0,1,1,13,13,0,17,0,2.72,9.37,-22.45,1.027244657298528
10,20,52,62,46,0.8,48,14,1,1,1,1,100.0,7.14,100.0,1,1,13,13,0,17,0,2.72,9.37,-22.45,1.027244657298528
10,20,52,62,46,0.8,96,14,1,1,1,1,100.0,7.14,100.0,1,1,13,13,0,17,0,2.72,9.37,-22.45,1.027244657298528
7,20,60,62,42,0.8,24,15,1,1,1,1,100.0,6.67,100.0,1,1,14,14,0,17,0,2.72,9.37,-22.52,1.027244657298528
7,20,60,62,42,0.8,48,15,1,1,1,1,100.0,6.67,100.0,1,1,14,14,0,17,0,2.72,9.37,-22.52,1.027244657298528
7,20,60,62,42,0.8,96,15,1,1,1,1,100.0,6.67,100.0,1,1,14,14,0,17,0,2.72,9.37,-22.52,1.027244657298528
7,20,60,62,46,0.8,24,15,1,1,1,1,100.0,6.67,100.0,1,1,14,14,0,17,0,2.72,9.37,-22.52,1.027244657298528
7,20,60,62,46,0.8,48,15,1,1,1,1,100.0,6.67,100.0,1,1,14,14,0,17,0,2.72,9.37,-22.52,1.027244657298528
7,20,60,62,46,0.8,96,15,1,1,1,1,100.0,6.67,100.0,1,1,14,14,0,17,0,2.72,9.37,-22.52,1.027244657298528
10,20,60,62,42,0.8,24,15,1,1,1,1,100.0,6.67,100.0,1,1,14,14,0,23,0,2.72,9.37,-22.52,1.027244657298528
10,20,60,62,42,0.8,48,15,1,1,1,1,100.0,6.67,100.0,1,1,14,14,0,23,0,2.72,9.37,-22.52,1.027244657298528
10,20,60,62,42,0.8,96,15,1,1,1,1,100.0,6.67,100.0,1,1,14,14,0,23,0,2.72,9.37,-22.52,1.027244657298528
10,20,60,62,46,0.8,24,15,1,1,1,1,100.0,6.67,100.0,1,1,14,14,0,23,0,2.72,9.37,-22.52,1.027244657298528
10,20,60,62,46,0.8,48,15,1,1,1,1,100.0,6.67,100.0,1,1,14,14,0,23,0,2.72,9.37,-22.52,1.027244657298528
10,20,60,62,46,0.8,96,15,1,1,1,1,100.0,6.67,100.0,1,1,14,14,0,23,0,2.72,9.37,-22.52,1.027244657298528
7,20,60,58,42,0.8,24,22,1,1,1,1,100.0,4.55,100.0,1,1,21,21,0,27,0,2.72,9.37,-22.84,1.027244657298528
7,20,60,58,42,0.8,48,22,1,1,1,1,100.0,4.55,100.0,1,1,21,21,0,27,0,2.72,9.37,-22.84,1.027244657298528
7,20,60,58,42,0.8,96,22,1,1,1,1,100.0,4.55,100.0,1,1,21,21,0,27,0,2.72,9.37,-22.84,1.027244657298528
7,20,60,58,46,0.8,24,22,1,1,1,1,100.0,4.55,100.0,1,1,21,21,0,27,0,2.72,9.37,-22.84,1.027244657298528
7,20,60,58,46,0.8,48,22,1,1,1,1,100.0,4.55,100.0,1,1,21,21,0,27,0,2.72,9.37,-22.84,1.027244657298528
7,20,60,58,46,0.8,96,22,1,1,1,1,100.0,4.55,100.0,1,1,21,21,0,27,0,2.72,9.37,-22.84,1.027244657298528
7,20,52,58,42,0.8,24,23,1,1,1,1,100.0,4.35,100.0,1,1,22,22,0,33,0,2.72,9.37,-22.87,1.027244657298528
7,20,52,58,42,0.8,48,23,1,1,1,1,100.0,4.35,100.0,1,1,22,22,0,33,0,2.72,9.37,-22.87,1.027244657298528
7,20,52,58,42,0.8,96,23,1,1,1,1,100.0,4.35,100.0,1,1,22,22,0,33,0,2.72,9.37,-22.87,1.027244657298528
7,20,52,58,46,0.8,24,23,1,1,1,1,100.0,4.35,100.0,1,1,22,22,0,33,0,2.72,9.37,-22.87,1.027244657298528
7,20,52,58,46,0.8,48,23,1,1,1,1,100.0,4.35,100.0,1,1,22,22,0,33,0,2.72,9.37,-22.87,1.027244657298528
7,20,52,58,46,0.8,96,23,1,1,1,1,100.0,4.35,100.0,1,1,22,22,0,33,0,2.72,9.37,-22.87,1.027244657298528
7,20,60,62,42,0.4,24,23,1,1,1,1,100.0,4.35,100.0,1,1,22,22,0,26,0,2.72,9.37,-22.87,1.027244657298528
7,20,60,62,42,0.4,48,23,1,1,1,1,100.0,4.35,100.0,1,1,22,22,0,26,0,2.72,9.37,-22.87,1.027244657298528
7,20,60,62,42,0.4,96,23,1,1,1,1,100.0,4.35,100.0,1,1,22,22,0,26,0,2.72,9.37,-22.87,1.027244657298528
7,20,60,62,46,0.4,24,23,1,1,1,1,100.0,4.35,100.0,1,1,22,22,0,26,0,2.72,9.37,-22.87,1.027244657298528
7,20,60,62,46,0.4,48,23,1,1,1,1,100.0,4.35,100.0,1,1,22,22,0,26,0,2.72,9.37,-22.87,1.027244657298528
7,20,60,62,46,0.4,96,23,1,1,1,1,100.0,4.35,100.0,1,1,22,22,0,26,0,2.72,9.37,-22.87,1.027244657298528
10,20,60,58,42,0.8,24,23,1,1,1,1,100.0,4.35,100.0,1,1,22,22,0,35,0,2.72,9.37,-22.87,1.027244657298528
10,20,60,58,42,0.8,48,23,1,1,1,1,100.0,4.35,100.0,1,1,22,22,0,35,0,2.72,9.37,-22.87,1.027244657298528
10,20,60,58,42,0.8,96,23,1,1,1,1,100.0,4.35,100.0,1,1,22,22,0,35,0,2.72,9.37,-22.87,1.027244657298528
10,20,60,58,46,0.8,24,23,1,1,1,1,100.0,4.35,100.0,1,1,22,22,0,35,0,2.72,9.37,-22.87,1.027244657298528
10,20,60,58,46,0.8,48,23,1,1,1,1,100.0,4.35,100.0,1,1,22,22,0,35,0,2.72,9.37,-22.87,1.027244657298528
10,20,60,58,46,0.8,96,23,1,1,1,1,100.0,4.35,100.0,1,1,22,22,0,35,0,2.72,9.37,-22.87,1.027244657298528
10,20,60,62,42,0.4,24,23,1,1,1,1,100.0,4.35,100.0,1,1,22,22,0,34,0,2.72,9.37,-22.87,1.027244657298528
10,20,60,62,42,0.4,48,23,1,1,1,1,100.0,4.35,100.0,1,1,22,22,0,34,0,2.72,9.37,-22.87,1.027244657298528
10,20,60,62,42,0.4,96,23,1,1,1,1,100.0,4.35,100.0,1,1,22,22,0,34,0,2.72,9.37,-22.87,1.027244657298528
10,20,60,62,46,0.4,24,23,1,1,1,1,100.0,4.35,100.0,1,1,22,22,0,34,0,2.72,9.37,-22.87,1.027244657298528
10,20,60,62,46,0.4,48,23,1,1,1,1,100.0,4.35,100.0,1,1,22,22,0,34,0,2.72,9.37,-22.87,1.027244657298528
10,20,60,62,46,0.4,96,23,1,1,1,1,100.0,4.35,100.0,1,1,22,22,0,34,0,2.72,9.37,-22.87,1.027244657298528
10,20,52,58,42,0.8,24,25,1,1,1,1,100.0,4.0,100.0,1,1,24,24,0,31,0,2.72,9.37,-22.92,1.027244657298528
10,20,52,58,42,0.8,48,25,1,1,1,1,100.0,4.0,100.0,1,1,24,24,0,31,0,2.72,9.37,-22.92,1.027244657298528
10,20,52,58,42,0.8,96,25,1,1,1,1,100.0,4.0,100.0,1,1,24,24,0,31,0,2.72,9.37,-22.92,1.027244657298528
10,20,52,58,46,0.8,24,25,1,1,1,1,100.0,4.0,100.0,1,1,24,24,0,31,0,2.72,9.37,-22.92,1.027244657298528
10,20,52,58,46,0.8,48,25,1,1,1,1,100.0,4.0,100.0,1,1,24,24,0,31,0,2.72,9.37,-22.92,1.027244657298528
10,20,52,58,46,0.8,96,25,1,1,1,1,100.0,4.0,100.0,1,1,24,24,0,31,0,2.72,9.37,-22.92,1.027244657298528
7,20,52,62,42,0.4,24,26,1,1,1,1,100.0,3.85,100.0,1,1,25,25,0,37,0,2.72,9.37,-22.94,1.027244657298528
7,20,52,62,42,0.4,48,26,1,1,1,1,100.0,3.85,100.0,1,1,25,25,0,37,0,2.72,9.37,-22.94,1.027244657298528
7,20,52,62,42,0.4,96,26,1,1,1,1,100.0,3.85,100.0,1,1,25,25,0,37,0,2.72,9.37,-22.94,1.027244657298528
7,20,52,62,46,0.4,24,26,1,1,1,1,100.0,3.85,100.0,1,1,25,25,0,37,0,2.72,9.37,-22.94,1.027244657298528
7,20,52,62,46,0.4,48,26,1,1,1,1,100.0,3.85,100.0,1,1,25,25,0,37,0,2.72,9.37,-22.94,1.027244657298528
7,20,52,62,46,0.4,96,26,1,1,1,1,100.0,3.85,100.0,1,1,25,25,0,37,0,2.72,9.37,-22.94,1.027244657298528
10,20,52,62,42,0.4,24,26,1,1,1,1,100.0,3.85,100.0,1,1,25,25,0,34,0,2.72,9.37,-22.94,1.027244657298528
10,20,52,62,42,0.4,48,26,1,1,1,1,100.0,3.85,100.0,1,1,25,25,0,34,0,2.72,9.37,-22.94,1.027244657298528
10,20,52,62,42,0.4,96,26,1,1,1,1,100.0,3.85,100.0,1,1,25,25,0,34,0,2.72,9.37,-22.94,1.027244657298528
10,20,52,62,46,0.4,24,26,1,1,1,1,100.0,3.85,100.0,1,1,25,25,0,34,0,2.72,9.37,-22.94,1.027244657298528
10,20,52,62,46,0.4,48,26,1,1,1,1,100.0,3.85,100.0,1,1,25,25,0,34,0,2.72,9.37,-22.94,1.027244657298528
10,20,52,62,46,0.4,96,26,1,1,1,1,100.0,3.85,100.0,1,1,25,25,0,34,0,2.72,9.37,-22.94,1.027244657298528
7,20,60,58,42,0.4,24,35,1,1,1,1,100.0,2.86,100.0,1,1,34,34,0,48,0,2.72,9.37,-23.09,1.027244657298528
7,20,60,58,42,0.4,48,35,1,1,1,1,100.0,2.86,100.0,1,1,34,34,0,48,0,2.72,9.37,-23.09,1.027244657298528
7,20,60,58,42,0.4,96,35,1,1,1,1,100.0,2.86,100.0,1,1,34,34,0,48,0,2.72,9.37,-23.09,1.027244657298528
7,20,60,58,46,0.4,24,35,1,1,1,1,100.0,2.86,100.0,1,1,34,34,0,48,0,2.72,9.37,-23.09,1.027244657298528
7,20,60,58,46,0.4,48,35,1,1,1,1,100.0,2.86,100.0,1,1,34,34,0,48,0,2.72,9.37,-23.09,1.027244657298528
7,20,60,58,46,0.4,96,35,1,1,1,1,100.0,2.86,100.0,1,1,34,34,0,48,0,2.72,9.37,-23.09,1.027244657298528
10,20,60,58,42,0.4,24,36,1,1,1,1,100.0,2.78,100.0,1,1,35,35,0,57,0,2.72,9.37,-23.1,1.027244657298528
10,20,60,58,42,0.4,48,36,1,1,1,1,100.0,2.78,100.0,1,1,35,35,0,57,0,2.72,9.37,-23.1,1.027244657298528
10,20,60,58,42,0.4,96,36,1,1,1,1,100.0,2.78,100.0,1,1,35,35,0,57,0,2.72,9.37,-23.1,1.027244657298528
10,20,60,58,46,0.4,24,36,1,1,1,1,100.0,2.78,100.0,1,1,35,35,0,57,0,2.72,9.37,-23.1,1.027244657298528
10,20,60,58,46,0.4,48,36,1,1,1,1,100.0,2.78,100.0,1,1,35,35,0,57,0,2.72,9.37,-23.1,1.027244657298528
10,20,60,58,46,0.4,96,36,1,1,1,1,100.0,2.78,100.0,1,1,35,35,0,57,0,2.72,9.37,-23.1,1.027244657298528
7,20,52,58,42,0.4,24,40,1,1,1,1,100.0,2.5,100.0,1,1,39,39,0,57,0,2.72,9.37,-23.14,1.027244657298528
7,20,52,58,42,0.4,48,40,1,1,1,1,100.0,2.5,100.0,1,1,39,39,0,57,0,2.72,9.37,-23.14,1.027244657298528
7,20,52,58,42,0.4,96,40,1,1,1,1,100.0,2.5,100.0,1,1,39,39,0,57,0,2.72,9.37,-23.14,1.027244657298528
7,20,52,58,46,0.4,24,40,1,1,1,1,100.0,2.5,100.0,1,1,39,39,0,57,0,2.72,9.37,-23.14,1.027244657298528
7,20,52,58,46,0.4,48,40,1,1,1,1,100.0,2.5,100.0,1,1,39,39,0,57,0,2.72,9.37,-23.14,1.027244657298528
7,20,52,58,46,0.4,96,40,1,1,1,1,100.0,2.5,100.0,1,1,39,39,0,57,0,2.72,9.37,-23.14,1.027244657298528
10,20,52,58,42,0.4,24,42,1,1,1,1,100.0,2.38,100.0,1,1,41,41,0,59,0,2.72,9.37,-23.16,1.027244657298528
10,20,52,58,42,0.4,48,42,1,1,1,1,100.0,2.38,100.0,1,1,41,41,0,59,0,2.72,9.37,-23.16,1.027244657298528
10,20,52,58,42,0.4,96,42,1,1,1,1,100.0,2.38,100.0,1,1,41,41,0,59,0,2.72,9.37,-23.16,1.027244657298528
10,20,52,58,46,0.4,24,42,1,1,1,1,100.0,2.38,100.0,1,1,41,41,0,59,0,2.72,9.37,-23.16,1.027244657298528
10,20,52,58,46,0.4,48,42,1,1,1,1,100.0,2.38,100.0,1,1,41,41,0,59,0,2.72,9.37,-23.16,1.027244657298528
10,20,52,58,46,0.4,96,42,1,1,1,1,100.0,2.38,100.0,1,1,41,41,0,59,0,2.72,9.37,-23.16,1.027244657298528
